temp,rb,date,no,lgc,act_balls,dir_hit,score_hit,ht_hit,ou_hit,lam,kx,weak,inj,rain,round,rank_gap,off_1,def_1,off_2,def_2,h2h_score
28.0,R2,2026-08-21,001,lg-j1,6,1,0,1,,2.3,,,,,,,,,,,
28.0,R2,2026-08-21,002,lg-j1,2,1,0,1,,2.0,1,1,,,,,,,,,
39.0,R2,2026-08-21,003,lg-spl,4,1,0,1,,2.6,1,,,,,,,,,,
19.0,,2026-08-21,004,lg-fin,3,0,0,0,,2.1,,1,,,,,,,,,
18.0,R1,2026-08-21,005,lg-swe,3,0,0,0,,2.8,,,,,,,,,,,
34.0,,2026-08-21,006,lg-spl,1,0,0,0,,2.4,1,,,,,,,,,,
26.0,,2026-08-21,009,lg-ligue1,4,1,0,1,,2.2,,1,,,,,,,,,
18.0,,2026-08-21,010,lg-eng,3,1,1,1,,2.8000000000000003,,,,,,,,,,,
27.0,,2026-08-21,011,lg-laliga,1,1,1,1,,2.2,,,,,,,,,,,
26.0,R2,2026-08-22,001,lg-j1,5,1,0,1,,2.8,,,,,,,,,,,
29.0,,2026-08-22,003,lg-j1,1,1,1,1,,2.2,,1,,,,,,,,,
29.0,R2,2026-08-22,005,lg-k1,1,1,1,1,,2.2,1,,,,,,,,,,
27.0,R2,2026-08-22,006,lg-k1,7,1,0,1,,2.3,,,,,,,,,,,
17.0,,2026-08-22,007,lg-eng,2,0,0,0,,,,,,,,,,,,,
18.0,,2026-08-22,010,lg-eng,2,1,0,1,,2.5,,,,,,,,,,,
20.0,,2026-08-22,011,lg-eng,1,0,1,0,,2.6,1,,1,,,,,,,,
19.5,,2026-08-22,012,lg-eng,3,0,0,0,,2.5,,,,,,,,,,,
26.5,B1,2026-08-22,016,lg-laliga,4,0,0,0,,2.5,1,,,,,,,,,,
19.0,,2026-08-22,017,lg-ligue1,7,1,0,1,,2.3,,,,,,,,,,,
21.0,,2026-08-22,018,lg-eng,3,1,0,1,,2.5999999999999996,,,,,,,,,,,
26.0,,2026-08-22,019,lg-sa,2,1,1,0,,2.1,,1,,,,,,,,,
29.0,,2026-08-22,020,lg-sa,5,1,0,1,,1.9,,,,,,,,,,,
27.0,R2,2026-08-22,021,lg-laliga,0,1,0,1,,2.4000000000000004,,,4,,,,,,,,
18.0,R2,2026-08-22,022,lg-bundes,3,1,1,1,,2.7,,1,,,,,,,,,
26.0,,2026-08-22,023,lg-sa,2,1,1,1,,2.1,,,,,,,,,,,
27.0,,2026-08-22,024,lg-sa,1,1,1,1,,2.2,,1,,,,,,,,,
27.0,,2026-08-22,025,lg-ligue1,0,1,1,1,,2.2,,1,,,,,,,,,
27.0,,2026-08-22,026,lg-ligue1,2,1,1,1,,2.3,,,,,,,,,,,
26.0,,2026-08-22,027,lg-laliga,3,1,0,1,,,,,,,,,,,,,
32.0,R2,2026-08-23,021,lg-laliga,1,0,0,0,,2.25,,1,,,,,,,,,
25.0,,2026-08-23,022,lg-sa,3,0,0,0,,2.45,1,,,,,,,,,,
24.0,,2026-08-23,023,lg-sa,3,0,0,0,,1.95,1,1,,,,,,,,,
27.5,,2026-08-23,024,lg-laliga,5,1,0,1,,2.9,,,,,,,,,,,
17.0,R2,2026-08-23,001,lg-ered,4,1,1,1,,2.5,,,,,,,,,,,
27.0,R2,2026-08-23,002,lg-j1,4,1,1,1,,3.5,,,,,,,,,,,
31.0,,2026-08-23,003,lg-k1,3,0,0,0,,2.35,1,,,,,,,,,,
20.0,R1,2026-08-23,005,lg-dfb,3,1,1,1,,2.6500000000000004,1,,,,,,,,,,
19.5,,2026-08-23,009,lg-eng,3,1,1,0,,2.5,,,,,,,,,,,
26.0,,2026-08-23,010,lg-ligue1,2,1,1,1,,2.35,,1,,,,,,,,,
18.0,,2026-08-23,011,lg-dfb,6,1,0,1,,2.85,,,,,,,,,,,
32.5,R2,2026-08-23,015,lg-laliga,4,1,0,1,,2.6,,1,,,,,,,,,
23.0,,2026-08-23,016,lg-ligue1,1,1,1,1,,2.15,,1,,,,,,,,,
19.4,,2026-08-23,017,lg-eng,4,0,0,0,,2.8,,1,,,,,,,,,
27.0,,2026-08-23,019,lg-sa,2,0,0,0,,2.5999999999999996,,1,,,,,,,,,
32.0,,2026-08-23,018,lg-sa,1,1,0,1,,2.7,,,,,,,,,,,
31.3,R2,2026-08-24,001,lg-sa,1,0,0,0,,2.4,,1,,,,,,,,,
37.1,R2,2026-08-24,002,lg-spl,2,1,0,1,,2.75,1,,,,,,,,,,
31.1,R2,2026-08-24,004,lg-laliga,0,1,0,1,,2.25,,1,,,,,,,,,
33.0,R2,2026-08-24,005,lg-spl,5,1,0,1,,2.75,,,,,,,,,,,
30.0,R2,2026-08-24,006,lg-sa,4,1,0,1,,2.6500000000000004,,,,,,,,,,,
19.0,,2026-08-24,008,lg-eng,5,1,0,1,,2.65,,,,,,,,,,,
28.0,,2026-08-24,010,lg-laliga,2,1,1,1,,2.3499999999999996,,1,,,,,,,,,
20.0,红榜,2026-08-24,011,lg-bras,5,1,0,1,,2.3,,,,,,,,,,,
29.0,B1,2026-08-25,001,lg-k1,0,1,0,1,,,1,,,,,,,,,,
28.0,R1,2026-08-25,002,lg-k1,3,0,0,0,,,,1,,,,,,,,,
35.4,R2,2026-08-25,003,lg-spl,5,1,0,1,,,,,,,,,,,,,
21.0,,2026-08-25,004,lg-champ,2,1,1,1,,,,1,,,,,,,,,
19.0,B1,2026-08-25,005,lg-uel,5,0,0,0,,,,,,,,,,,,,
12.0,R2,2026-08-25,006,lg-ucl,3,1,0,1,,,,,,,,,,,,,
19.8,,2026-08-25,007,lg-champ,2,1,0,1,,,1,1,,,,,,,,,
20.9,B1,2026-08-25,008,lg-champ,7,1,0,1,,,,,,,,,,,,,
27.9,R2,2026-08-25,009,lg-laliga,1,1,1,1,,,,1,,,,,,,,,
27.5,,2026-08-26,001,lg-k1,3,1,1,1,,,,,,,,,,,,,
26.7,,2026-08-26,002,lg-k1,3,0,0,0,,,,1,,,,,,,,,
23.4,R2,2026-08-26,003,lg-champ,6,1,0,1,,,,,,,,,,,,,
18.0,,2026-08-26,004,lg-champ,5,1,0,1,,,,,,,,,,,,,
29.8,,2026-08-26,005,lg-ucl,4,1,0,1,,,,,,,,,,,,,
22.1,,2026-08-26,006,lg-ucl,2,1,1,1,,,,,,,,,,,,,
19.1,,2026-08-26,007,lg-ucl,4,0,0,0,,,,,,,,,,,,,
27.6,R1,2026-08-26,008,lg-ucl,3,1,1,1,,,,,,,,,,,,,
,R2,2026-08-26,009,lg-champ,4,1,0,1,,,,,,,,,,,,,
21.7,R2,2026-08-26,010,lg-laliga,5,1,0,1,,,,,,,,,,,,,
27.0,,2026-08-27,001,lg-uel,6,0,0,0,,,,,,,,,,,,,
30.0,R2,2026-08-27,002,lg-uel,6,0,0,0,,,,,,,,,,,,,
29.0,B1,2026-08-27,003,lg-uel,3,1,0,1,,,,,,,,,,,,,
20.0,R2,2026-08-27,004,lg-uel,4,1,1,1,,,,,,,,,,,,,
28.0,B1,2026-08-27,005,lg-uel,4,1,0,0,,,,,,,,,,,,,
24.0,R2,2026-08-27,006,lg-uel,3,1,0,0,,,,,,,,,,,,,
19.0,,2026-08-27,007,lg-laliga,3,0,0,0,,,,,,,,,,,,,
26.0,,2026-08-27,008,lg-laliga,2,1,0,1,,,,1,2,,,,,,,,
21.0,R2,2026-08-27,009,lg-bras,0,1,1,1,,,,,,,,,,,,,
22.0,,2026-08-28,003,lg-laliga,5,1,0,1,,,,,,,,,,,,,
35.0,R2,2026-08-28,004,lg-spl,6,1,0,1,,,,,,,,,,,,,
20.0,R1,2026-08-28,008,lg-bundes,6,1,0,1,,,,,,70,,,,,,,
25.0,B1,2026-08-28,009,lg-sa,2,1,1,1,,,,,,,,,,,,,
19.0,B1,2026-08-28,010,lg-ligue1,4,1,0,0,,,,,,,,,,,,,
19.0,,2026-08-28,011,lg-eng,5,1,0,1,,,,,,,,,,,,,
21.0,R2,2026-08-28,014,lg-laliga,1,1,1,1,,,,,,,,,,,,,
20.0,B1,2026-08-29,001,lg-j1,2,0,0,1,,,,,,,,,,,,,
28.0,R1,2026-08-29,002,lg-j1,1,1,1,1,,,,,,,,,,,,,
29.0,R2,2026-08-29,004,lg-k1,4,1,0,1,,,,,,,,,,,,,
17.0,R2,2026-08-29,006,lg-eng,4,1,0,0,,,1,1,,,,,,,,,
22.0,,2026-08-29,009,lg-bundes,5,0,0,0,,,,,,,,,,,,,
25.0,,2026-08-29,010,lg-bundes,3,1,0,1,,,,,,,,,,,,,
25.0,,2026-08-29,011,lg-bundes,6,1,0,0,,,1,,,,,,,,,,
24.0,,2026-08-29,012,lg-bundes,5,1,0,0,,,1,,,,,,,,,,
25.0,,2026-08-29,013,lg-bundes,0,0,0,0,,,,,,,,,,,,,
17.0,R2,2026-08-29,014,lg-eng,1,0,0,0,,,,,,,,,,,,,
20.0,,2026-08-29,015,lg-eng,2,1,1,0,,,1,,,,,,,,,,
29.0,R2,2026-08-29,016,lg-laliga,7,0,0,1,,,,,,,,,,,,,
25.0,,2026-08-29,017,lg-ligue1,3,0,0,0,,,,,,,,,,,,,
19.0,,2026-08-29,019,lg-eng,2,1,0,1,,,1,,,,,,,,,,
22.0,R1,2026-08-29,020,lg-bundes,2,1,1,1,,,,,,,,,,,,,
29.0,,2026-08-29,021,lg-sa,5,0,0,0,,,,,,,,,,,,,
30.0,R2,2026-08-29,022,lg-sa,3,0,0,0,,,,,,,,,,,,,
31.0,R2,2026-08-29,023,lg-sa,3,0,0,0,,,1,,,,,,,,,,
25.0,,2026-08-29,025,lg-laliga,3,1,1,1,,,,,,,,,,,,,
27.0,R1,2026-08-29,027,lg-sa,2,1,1,1,,,,,,,,,,,,,
31.0,R2,2026-08-29,028,lg-laliga,4,0,0,0,,,1,,,,,,,,,,
28.0,,2026-08-30,002,lg-k1,4,0,0,0,,,,,,,,,,,,,
26.0,,2026-08-30,003,lg-k1,2,1,1,1,,,1,,,,,,,,,,
20.0,R1,2026-08-30,005,lg-swe,5,0,0,0,,,,,,,,,,,,,
15.0,R1,2026-08-30,007,lg-nor,6,1,0,0,,,,,,,,,,,,,
21.0,,2026-08-30,008,lg-eng,1,0,0,0,,,1,,,,,,,,,,
21.0,,2026-08-30,009,lg-eng,2,1,1,0,,,,,,,,,,,,,
23.0,,2026-08-30,010,lg-ligue1,3,1,0,1,,,,,,,,,,,,,
26.0,R1,2026-08-30,011,lg-bundes,5,1,0,1,,,1,,,,,,,,,,
32.0,R2,2026-08-30,013,lg-laliga,4,1,1,1,,,1,,,,,,,,,,
19.0,R2,2026-08-30,014,lg-eng,7,1,0,1,,,1,,,,,,,,,,
25.0,,2026-08-30,015,lg-bundes,3,1,0,1,,,,,,,,,,,,,
31.0,R2,2026-08-30,016,lg-sa,3,0,0,0,,,,,,,,,,,,,
21.0,,2026-08-30,017,lg-laliga,4,1,0,1,0,,,1,,,,,,,,,
29.0,,2026-08-30,019,lg-sa,1,1,0,1,0,,1,,,,,,,,,,
29.0,,2026-08-30,020,lg-sa,1,1,0,1,0,,1,,,,,,,,,,
26.0,R1,2026-08-30,021,lg-ligue1,2,1,0,1,1,,1,,,,,,,,,,
26.0,,2026-08-30,022,lg-bras,3,1,0,1,1,,1,,,,,,,,,,
20.0,,2026-08-30,023,lg-laliga,2,0,0,0,1,,,1,,,,,,,,,
18.0,红榜,2026-08-31,001,lg-fin,1,0,0,0,,,,,,,,,,,,,
18.0,B1,2026-08-31,002,lg-fin,2,1,1,1,,,,,,,,,,,,,
32.0,B1,2026-08-31,003,lg-sa,4,1,0,1,,,,,,,,,,,,,
19.0,B1,2026-08-31,004,lg-swe,4,1,0,1,,,1,,,,,,,,,,
19.0,R2,2026-08-31,005,lg-swe,1,0,0,0,,,,,6,,,,,,,,
23.0,,2026-08-31,006,lg-laliga,1,1,1,1,,,,1,,,,,,,,,
26.0,R1,2026-08-31,007,lg-sa,1,1,1,1,,,1,,,,,,,,,,
17.0,R2,2026-08-31,009,lg-eng,1,1,0,1,,,,,,,,,,,,,
21.0,B1,2026-08-31,010,lg-prime,3,1,1,1,,,,,,,,,,,,,
25.9,B1,2026-08-31,012,lg-laliga,7,1,0,1,,,1,,3,0,,,,,,,
37.0,B1,2026-09-01,001,lg-spl,3,1,0,1,1,,,,,,,,,,,,
17.0,红榜,2026-09-01,002,lg-champ,2,1,0,1,0,,,,,,,,,,,,
20.0,B1,2026-09-01,003,lg-champ,6,1,0,1,0,,,,,,,,,,,,
18.0,,2026-09-01,004,lg-champ,2,1,0,0,1,,,,,,,,,,,,
19.0,,2026-09-01,005,lg-champ,0,1,0,1,0,,,,,,,,,,,,
17.0,R2,2026-09-01,006,lg-champ,4,0,0,0,,,,1,,,,,,,,,
17.0,,2026-09-01,007,lg-champ,5,1,0,1,0,,,,,,,,,,,,
18.0,B1,2026-09-01,008,lg-champ,2,0,0,0,0,,1,,,,,,,,,,
17.0,B1,2026-09-01,009,lg-champ,1,0,0,0,,,,,,,,,,,,,
27.0,,2026-09-01,010,lg-sa,1,0,0,0,,,1,,,,,,,,,,
24.0,R2,2026-09-02,001,lg-j1,2,1,1,1,,,,1,,,5,,,,,,
30.0,R2,2026-09-02,002,lg-j1,2,0,0,0,,,,1,,,,,,,,,
26.0,,2026-09-02,003,lg-j1,6,0,0,0,,,,,,,,0,,,,,
27.0,,2026-09-02,004,lg-j1,3,1,1,1,,,,,,,,,,,,,
32.0,B1,2026-09-02,005,lg-sa,2,1,1,1,,,1,,5,,,,,,,,
30.0,B1,2026-09-02,006,lg-sa,3,1,0,1,,,,1,,,,1,,,,,
19.0,B1,2026-09-02,007,lg-champ,3,0,0,0,,,,1,,,,,,,,,
19.0,B1,2026-09-02,008,lg-champ,2,1,1,1,,,,,,,,0,,,,,
19.0,,2026-09-02,009,lg-champ,3,1,0,1,,,,,3,,,,,,,,
18.0,,2026-09-02,010,lg-dfb,5,1,1,1,,,,1,,,,,,,,,
18.0,R2,2026-09-02,011,lg-champ,2,1,1,0,,,,,,,,4,,,,,
21.0,,2026-09-02,012,lg-bras,2,1,0,1,,,,,,,,,,,,,
18.0,,2026-09-02,013,lg-bras,0,1,0,1,,,,,,,,,,,,,
38.0,R2,2026-09-03,001,lg-spl,4,1,0,1,,3.6,,,,0,,,,,,,
36.0,R2,2026-09-03,002,lg-spl,3,1,0,1,,2.05,,,,0,,5,,,,,
18.0,R2,2026-09-03,003,lg-swe,2,1,0,1,,3.9,,1,,73,,0,,,,,
36.0,R2,2026-09-03,004,lg-spl,2,1,0,1,,3.7,,,,0,,,,,,,
28.0,R2,2026-09-03,005,lg-ligue1,1,1,1,1,,2.95,,,,0,,,,,,,
23.0,R2,2026-09-03,006,lg-laliga,0,1,1,1,,1.91,,1,,6,,,,,,,
19.0,R2,2026-09-03,007,lg-bras,4,1,0,1,,1.6,,1,,40,,,,,,,
34.0,R2,2026-09-04,002,lg-ligue1,4,1,0,1,0,2.6,,1,,0,,,,,,,
14.0,R2,2026-09-04,003,lg-nor,3,1,1,1,1,,,1,,2,,,,,,,
36.0,R2,2026-09-04,004,lg-spl,2,1,0,1,0,3.9,,1,,0,,,,,,,
19.0,R2,2026-09-04,006,lg-ered,4,1,0,1,0,2.5,1,1,,1,,,1.75,1.75,1.0,2.0,
28.0,R2,2026-09-04,008,lg-bundes,5,0,0,1,0,2.8,1,1,,1,,,,,,,
26.0,R2,2026-09-04,009,lg-sa,5,1,0,1,0,2.3,1,1,,5,,,,,,,
18.0,R2,2026-09-04,010,lg-eng,2,1,0,1,0,,,,,0,,,2.0,2.0,1.0,2.0,
33.0,R2,2026-09-04,011,lg-laliga,1,0,0,0,0,,1,1,,3,,,,,,,
23.0,R2,2026-09-04,012,lg-ligue1,3,0,0,0,1,,1,1,,3,,,1.0,2.0,1.5,0.5,
25.0,R2,2026-09-04,013,lg-prime,3,1,1,1,1,,,1,,3,,,,,,,
27.0,R2,2026-09-05,001,lg-j1,2,1,1,1,1,2.6,,,,3,,,2.0,2.0,2.25,1.25,
22.2,R2,2026-09-05,002,lg-j2,3,0,0,0,1,2.4,1,1,,0,,,2.0,1.2,1.2,1.8,
26.0,R2,2026-09-05,003,lg-k1,0,0,0,0,0,2.5,1,,,37,,,1.25,0.75,1.5,0.75,
17.0,R1,2026-09-05,004,lg-eng,4,1,0,0,0,2.0,1,,,1,,,2.0,1.0,0.5,1.0,
19.0,R2,2026-09-05,005,lg-champ,2,1,1,0,1,2.4,,,,0,,,0.75,1.25,0.5,1.5,
31.0,B1,2026-09-05,006,lg-sa,3,0,0,0,0,1.6,1,1,,0,,,0.0,3.5,0.67,1.67,
21.0,R1,2026-09-05,007,lg-bundes,7,0,0,0,0,3.0,,,,0,,,0.0,3.0,3.0,1.0,
18.0,R1,2026-09-05,008,lg-bundes,4,0,0,0,1,2.8,1,,,0,,,1.0,4.0,3.0,0.0,
18.0,R1,2026-09-05,009,lg-bundes,1,1,0,1,0,3.5,1,1,,0,,,,,,,
24.0,R1,2026-09-05,010,lg-bundes,5,1,0,0,0,2.9,1,,,0,,,,,,,
21.0,R1,2026-09-05,011,lg-bundes,4,1,0,1,0,2.7,1,,,0,,,,,,,
20.0,R1,2026-09-05,012,lg-eng,0,0,0,1,0,2.8,,,,0,,,2.0,3.0,0.0,2.5,
18.0,R1,2026-09-05,013,lg-eng,1,1,0,1,0,3.3,,,,0,,,3.0,1.0,0.0,2.0,
22.0,R1,2026-09-05,014,lg-eng,2,1,1,1,1,2.9,,,,0,,,2.0,0.5,1.0,1.0,
22.0,R1,2026-09-05,015,lg-eng,5,0,0,0,0,2.6,1,,,0,,,1.0,2.0,0.5,3.0,
29.0,R2,2026-09-05,016,lg-laliga,3,0,0,0,0,2.6,1,,,0,,,1.3,1.7,2.3,1.0,
22.0,R1,2026-09-05,017,lg-ligue1,1,0,0,0,0,2.8,,,,,,,3.5,2.0,0.5,1.0,
34.0,R1,2026-09-05,018,lg-sa,5,1,0,1,0,2.8,,,,0,,,2.5,0.5,1.5,1.0,
12.0,R2,2026-09-05,019,lg-nor,3,0,0,0,1,3.2,,,,0,,,1.75,0.75,1.0,1.5,
20.0,R1,2026-09-05,020,lg-eng,0,1,0,1,0,2.0,1,,,0,,,1.5,0.0,0.0,2.5,
20.0,R1,2026-09-05,021,lg-bundes,0,0,0,0,,3.6,,,,0,,,0.0,3.0,3.5,1.0,
35.0,R1,2026-09-05,022,lg-laliga,5,1,0,1,0,2.4,,,,0,,,1.33,2.67,1.67,1.67,
25.0,R2,2026-09-05,023,lg-prime,3,1,1,1,1,3.1,,,,0,,,,,,,
27.0,R1,2026-09-05,028,lg-laliga,5,0,0,0,,2.7,1,,,0,,,1.33,1.67,1.67,1.0,
21.0,,2026-09-05,029,lg-bras,5,1,0,1,0,2.1,1,1,,0,,,1.0,1.2,1.6,1.0,
33.0,R2,2026-09-05,024,lg-spl,3,0,0,0,1,3.5,,,,0,,,1.25,0.75,3.0,0.75,
17.0,R1,2026-09-05,025,lg-ered,4,0,0,0,1,4.8,,,,0,,,3.25,2.25,3.75,1.25,
27.0,R1,2026-09-05,026,lg-sa,3,0,0,0,1,2.8,,,,0,,,4.0,0.0,1.5,0.5,
17.0,R1,2026-09-05,027,lg-ligue1,3,1,1,1,1,2.3,1,,,0,,1,0.5,1.0,2.0,2.0,
23.7,B1,2026-09-06,001,lg-j1,1,0,0,0,1,,,,2,88,,1,2.25,1.75,2.0,2.75,0.5365853658536586
23.4,R2,2026-09-06,002,lg-j1,4,1,0,1,1,2.75,1,,,98,,,1.5,1.75,3.0,0.67,
22.8,R1,2026-09-06,003,lg-k1,3,0,0,0,1,2.2,1,,,0,,2,,,,,0.47058823529411764
23.0,红榜,2026-09-06,004,lg-k1,4,1,0,0,0,1.75,,1,4,0,,4,0.5,1.0,1.25,2.5,0.5344827586206896
21.6,R2,2026-09-06,005,lg-j1,2,0,0,0,1,2.5,1,,2,96,,,2.0,0.75,1.5,1.75,
19.1,,2026-09-06,006,lg-champ,4,1,0,1,0,2.7,1,,4,31,,,1.5,1.5,2.3,1.3,0.35714285714285715
20.0,,2026-09-06,007,lg-ered,5,1,0,1,0,3.8,1,,4,0,,,1.75,2.0,3.4,0.6,0.3974358974358974
22.0,,2026-09-06,008,lg-eng,4,1,0,1,0,2.7,1,1,7,32,,,2.0,1.3,1.5,2.0,0.32894736842105265
33.3,R2,2026-09-06,009,lg-sa,5,1,0,1,0,2.0,1,,3,0,,,1.25,1.25,0.33,2.0,0.5909090909090909
33.4,R2,2026-09-06,010,lg-sa,2,1,1,0,0,1.6,,1,7,0,,,0.0,1.8,1.0,2.7,0.625
28.9,,2026-09-06,011,lg-ligue1,8,0,0,0,0,2.2,,,7,0,,,0.5,0.5,0.5,2.5,0.5625
19.0,R1,2026-09-06,012,lg-bundes,5,0,0,0,0,1.6,,,8,0,,,0.0,2.0,0.0,0.0,0.5
