date,no,lam,lam_a,lam_sum,form5_w,form5_d,form5_l,form_gf,form_ga,inj_h,inj_a,temp,rain_p,wind,rank_gap,grade,dual,cr_lv,cr_p,zz_p,bs_p,has_alert,h2h_wr,h2h_edge
2026-07-21,001,,,,,,,,,,,,,,,3,0,0,,,,1,,
2026-07-21,002,,,,,,,,,,,,,,,2,0,0,,,,1,,
2026-07-21,003,,,,,,,,,,,,,,,3,0,0,,,,0,,
2026-07-22,001,,,,,,,,,,,,,,,1,0,0,,,,1,,
2026-07-22,002,,,,,,,,,,,,,,,1,0,0,,,,1,,
2026-07-22,003,,,,,,,,,,,,,,,1,0,0,,,,0,,
2026-07-22,004,,,,,,,,,,,,,,,3,0,0,,,,0,,
2026-07-22,005,,,,,,,,,,,,,,,2,0,0,,,,0,,
2026-07-22,006,,,,,,,,,,,,,,,3,0,0,,,,0,,
2026-07-22,007,,,,,,,,,,,,,,,3,0,0,,,,0,,
2026-07-23,001,,,,,,,,,,,,,,,1,0,0,,,,1,,
2026-07-23,002,,,,,,,,,,,,,,,1,0,0,,,,1,,
2026-07-23,003,,,,,,,,,,,,,,,1,0,0,,,,0,,
2026-07-23,004,,,,,,,,,,,,,,,1,0,0,,,,0,,
2026-07-23,005,,,,,,,,,,,,,,,1,0,0,,,,0,,
2026-07-23,006,,,,,,,,,,,,,,,1,0,0,,,,0,,
2026-07-23,007,,,,,,,,,,,,,,,1,0,0,,,,0,,
2026-07-23,008,,,,,,,,,,,,,,,1,0,0,,,,0,,
2026-07-23,009,,,,,,,,,,,,,,,2,0,0,,,,0,,
2026-07-24,001,,,,,,,,,,,,,,,1,0,0,,,,1,,
2026-07-24,002,,,,,,,,,,,,,,,1,0,0,,,,1,,
2026-07-24,003,,,,,,,,,,,,,,,1,0,0,,,,0,,
2026-07-24,004,,,,,,,,,,,,,,,1,0,0,,,,0,,
2026-07-24,005,,,,,,,,,,,,,,,2,0,0,,,,0,,
2026-07-25,001,,,,,,,,,,,,,,,1,0,0,,,,1,,
2026-07-25,002,,,,,,,,,,,,,,,1,0,0,,,,1,,
2026-07-25,003,,,,,,,,,,,,,,,1,0,0,,,,0,,
2026-07-25,004,,,,,,,,,,,,,,,1,0,0,,,,0,,
2026-07-25,005,,,,,,,,,,,,,,,1,0,0,,,,0,,
2026-07-25,006,,,,,,,,,,,,,,,1,0,0,,,,0,,
2026-07-25,007,,,,,,,,,,,,,,,1,0,0,,,,0,,
2026-07-25,008,,,,,,,,,,,,,,,1,0,0,,,,0,,
2026-07-25,009,,,,,,,,,,,,,,,2,0,0,,,,0,,
2026-07-26,001,,,,,,,,,,,,,,,1,0,0,,,,1,,
2026-07-26,002,,,,,,,,,,,,,,,1,0,0,,,,1,,
2026-07-26,003,,,,,,,,,,,,,,,1,0,0,,,,0,,
2026-07-26,004,,,,,,,,,,,,,,,1,0,0,,,,0,,
2026-07-26,005,,,,,,,,,,,,,,,1,0,0,,,,0,,
2026-07-26,006,,,,,,,,,,,,,,,1,0,0,,,,0,,
2026-07-26,007,,,,,,,,,,,,,,,1,0,0,,,,0,,
2026-07-26,008,,,,,,,,,,,,,,,1,0,0,,,,0,,
2026-07-26,009,,,,,,,,,,,,,,,1,0,0,,,,0,,
2026-07-26,010,,,,,,,,,,,,,,,1,0,0,,,,0,,
2026-07-26,011,,,,,,,,,,,,,,,1,0,0,,,,0,,
2026-07-26,012,,,,,,,,,,,,,,,1,0,0,,,,0,,
2026-07-26,013,,,,,,,,,,,,,,,1,0,0,,,,0,,
2026-07-26,014,,,,,,,,,,,,,,,1,0,0,,,,0,,
2026-07-26,015,,,,,,,,,,,,,,,1,0,0,,,,0,,
2026-07-26,016,,,,,,,,,,,,,,,1,0,0,,,,0,,
2026-07-26,017,,,,,,,,,,,,,,,1,0,0,,,,0,,
2026-07-26,018,,,,,,,,,,,,,,,1,0,0,,,,0,,
2026-07-26,019,,,,,,,,,,,,,,,2,0,0,,,,0,,
2026-07-27,001,,,,,,,,,,,,,,,1,0,0,,,,1,,
2026-07-27,002,,,,,,,,,,,,,,,1,0,0,,,,1,,
2026-07-27,003,,,,,,,,,,,,,,,1,0,0,,,,0,,
2026-07-27,004,,,,,,,,,,,,,,,2,0,0,,,,0,,
2026-07-28,001,,,,,,,,,,,,,,,1,0,0,,,,1,,
2026-07-28,002,,,,,,,,,,,,,,,1,0,0,,,,1,,
2026-07-28,003,,,,,,,,,,,,,,,2,0,0,,,,0,,
2026-07-29,001,,,,,,,,,,,,,,,1,0,0,,,,1,,
2026-07-29,002,,,,,,,,,,,,,,,1,0,0,,,,1,,
2026-07-29,003,,,,,,,,,,,,,,,2,0,0,,,,0,,
2026-07-30,001,,,,,,,,,,,,,,,3,0,0,,,,1,,
2026-07-30,002,,,,,,,,,,,,,,,2,0,0,,,,1,,
2026-07-30,003,,,,,,,,,,,,,,,3,0,0,,,,0,,
2026-07-30,004,,,,,,,,,,,,,,,3,0,0,,,,0,,
2026-07-30,005,,,,,,,,,,,,,,,3,0,0,,,,0,,
2026-07-31,001,,,,,,,,,,,,,,,2,1,0,,,,1,,
2026-07-31,002,,,,,,,,,,,,,,,2,1,0,,,,1,,
2026-07-31,003,,,,,,,,,,,,,,,2,1,0,,,,0,,
2026-07-31,004,,,,,,,,,,,,,,,3,0,0,,,,0,,
2026-07-31,005,,,,,,,,,,,,,,,3,0,0,,,,0,,
2026-07-31,006,,,,,,,,,,,,,,,2,1,0,,,,0,,
2026-08-01,001,,,,,,,,,,,,,,,2,0,0,,,,1,,
2026-08-01,002,,,,,,,,,,,,,,,3,0,0,,,,1,,
2026-08-01,003,,,,,,,,,,,,,,,3,0,0,,,,0,,
2026-08-01,004,,,,,,,,,,,,,,,3,0,0,,,,0,,
2026-08-01,005,,,,,,,,,,,,,,,2,1,0,,,,0,,
2026-08-01,006,,,,,,,,,,,,,,,2,1,0,,,,0,,
2026-08-01,007,,,,,,,,,,,,,,,3,0,0,,,,0,,
2026-08-01,008,,,,,,,,,,,,,,,3,0,0,,,,0,,
2026-08-01,009,,,,,,,,,,,,,,,2,1,0,,,,0,,
2026-08-01,010,,,,,,,,,,,,,,,3,0,0,,,,0,,
2026-08-02,001,,,,,,,,,,,,,,,3,0,0,,,,1,,
2026-08-02,002,,,,,,,,,,,,,,,2,0,0,,,,1,,
2026-08-02,003,,,,,,,,,,,,,,,2,0,0,,,,0,,
2026-08-02,004,,,,,,,,,,,,,,,3,0,0,,,,0,,
2026-08-02,005,,,,,,,,,,,,,,,3,0,0,,,,0,,
2026-08-02,006,,,,,,,,,,,,,,,2,1,0,,,,0,,
2026-08-02,007,,,,,,,,,,,,,,,2,1,0,,,,0,,
2026-08-02,008,,,,,,,,,,,,,,,2,0,0,,,,0,,
2026-08-02,009,,,,,,,,,,,,,,,2,1,0,,,,0,,
2026-08-02,010,,,,,,,,,,,,,,,2,1,0,,,,0,,
2026-08-02,011,,,,,,,,,,,,,,,2,1,0,,,,0,,
2026-08-02,015,,,,,,,,,,,,,,,3,0,0,,,,0,,
2026-08-02,016,,,,,,,,,,,,,,,2,1,0,,,,0,,
2026-08-02,017,,,,,,,,,,,,,,,2,1,0,,,,0,,
2026-08-02,018,,,,,,,,,,,,,,,2,1,0,,,,0,,
2026-08-02,019,,,,,,,,,,,,,,,3,0,0,,,,0,,
2026-08-02,020,,,,,,,,,,,,,,,2,0,0,,,,0,,
2026-08-02,021,,,,,,,,,,,,,,,3,0,0,,,,0,,
2026-08-02,022,,,,,,,,,,,,,,,2,1,0,,,,0,,
2026-08-02,023,,,,,,,,,,,,,,,3,0,0,,,,0,,
2026-08-03,012,,,,,,,,,,,,,,,2,1,0,,,,0,,
2026-08-03,013,,,,,,,,,,,,,,,3,0,0,,,,0,,
2026-08-03,014,,,,,,,,,,,,,,,2,1,0,,,,0,,
2026-08-04,001,,,,,,,,,,,,,,,3,0,0,,,,1,,
2026-08-04,002,,,,,,,,,,,,,,,3,0,0,,,,1,,
2026-08-04,003,,,,,,,,,,,,,,,2,1,0,,,,0,,
2026-08-04,004,,,,,,,,,,,,,,,3,0,0,,,,0,,
2026-08-05,001,,,,,,,,,,,,,,,2,1,0,,,,1,,
2026-08-05,002,,,,,,,,,,,,,,,2,1,0,,,,1,,
2026-08-05,003,,,,,,,,,,,,,,,3,0,0,,,,0,,
2026-08-05,004,,,,,,,,,,,,,,,2,1,0,,,,0,,
2026-08-05,005,,,,,,,,,,,,,,,3,0,0,,,,0,,
2026-08-06,001,,,,,,,,,,,,,,,2,1,0,,,,1,,
2026-08-06,002,,,,,,,,,,,,,,,2,1,0,,,,1,,
2026-08-06,003,,,,,,,,,,,,,,,3,0,0,,,,0,,
2026-08-06,004,,,,,,,,,,,,,,,2,1,0,,,,0,,
2026-08-07,001,,,,,,,,,,,,,,,3,0,0,,,,1,,
2026-08-07,002,,,,,,,,,,,,,,,2,0,0,,,,1,,
2026-08-07,003,,,,,,,,,,,,,,,2,1,0,,,,0,,
2026-08-07,004,,,,,,,,,,,,,,,2,0,0,,,,0,,
2026-08-07,005,,,,,,,,,,,,,,,3,0,0,,,,0,,
2026-08-07,006,,,,,,,,,,,,,,,2,0,0,,,,0,,
2026-08-07,007,,,,,,,,,,,,,,,2,1,0,,,,0,,
2026-08-07,008,,,,,,,,,,,,,,,2,1,0,,,,0,,
2026-08-07,009,,,,,,,,,,,,,,,3,0,0,,,,0,,
2026-08-07,010,,,,,,,,,,,,,,,3,0,0,,,,0,,
2026-08-07,011,,,,,,,,,,,,,,,2,1,0,,,,0,,
2026-08-07,012,,,,,,,,,,,,,,,2,1,0,,,,0,,
2026-08-07,013,,,,,,,,,,,,,,,2,1,0,,,,0,,
2026-08-07,014,,,,,,,,,,,,,,,3,0,0,,,,0,,
2026-08-08,001,,,,,,,,,,,,,,,3,0,0,,,,1,,
2026-08-08,002,,,,,,,,,,,,,,,2,1,0,,,,1,,
2026-08-08,003,,,,,,,,,,,,,,,2,1,0,,,,0,,
2026-08-08,004,,,,,,,,,,,,,,,3,0,0,,,,0,,
2026-08-08,005,,,,,,,,,,,,,,,2,1,0,,,,0,,
2026-08-08,006,,,,,,,,,,,,,,,3,0,0,,,,0,,
2026-08-08,007,,,,,,,,,,,,,,,2,1,0,,,,0,,
2026-08-08,008,,,,,,,,,,,,,,,2,1,0,,,,0,,
2026-08-08,009,,,,,,,,,,,,,,,3,0,0,,,,0,,
2026-08-08,010,,,,,,,,,,,,,,,2,1,0,,,,0,,
2026-08-08,011,,,,,,,,,,,,,,,2,0,0,,,,0,,
2026-08-08,012,,,,,,,,,,,,,,,2,0,0,,,,0,,
2026-08-08,013,,,,,,,,,,,,,,,1,0,0,,,,0,,
2026-08-08,014,,,,,,,,,,,,,,,2,1,0,,,,0,,
2026-08-08,015,,,,,,,,,,,,,,,2,1,0,,,,0,,
2026-08-08,016,,,,,,,,,,,,,,,2,0,0,,,,0,,
2026-08-08,017,,,,,,,,,,,,,,,1,0,0,,,,0,,
2026-08-08,018,,,,,,,,,,,,,,,3,0,0,,,,0,,
2026-08-08,019,,,,,,,,,,,,,,,2,1,0,,,,0,,
2026-08-08,020,,,,,,,,,,,,,,,2,0,0,,,,0,,
2026-08-08,021,,,,,,,,,,,,,,,2,0,0,,,,0,,
2026-08-08,022,,,,,,,,,,,,,,,2,0,0,,,,0,,
2026-08-08,023,,,,,,,,,,,,,,,2,1,0,,,,0,,
2026-08-08,024,,,,,,,,,,,,,,,3,0,0,,,,0,,
2026-08-08,025,,,,,,,,,,,,,,,2,1,0,,,,0,,
2026-08-09,001,,,,,,,,,,,,,,,2,1,0,,,,1,,
2026-08-09,002,,,,,,,,,,,,,,,2,1,0,,,,1,,
2026-08-09,003,,,,,,,,,,,,,,,2,1,0,,,,0,,
2026-08-09,004,,,,,,,,,,,,,,,2,1,0,,,,0,,
2026-08-09,005,,,,,,,,,,,,,,,2,1,0,,,,0,,
2026-08-09,006,,,,,,,,,,,,,,,2,0,0,,,,0,,
2026-08-09,007,,,,,,,,,,,,,,,3,0,0,,,,0,,
2026-08-09,008,,,,,,,,,,,,,,,2,1,0,,,,0,,
2026-08-09,011,,,,,,,,,,,,,,,2,1,0,,,,0,,
2026-08-09,012,,,,,,,,,,,,,,,2,1,0,,,,0,,
2026-08-09,013,,,,,,,,,,,,,,,2,1,0,,,,0,,
2026-08-09,014,,,,,,,,,,,,,,,2,0,0,,,,0,,
2026-08-09,016,,,,,,,,,,,,,,,2,1,0,,,,0,,
2026-08-10,017,,,,,,,,,,,,,,,2,0,0,,,,0,,
2026-08-10,018,,,,,,,,,,,,,,,3,0,0,,,,0,,
2026-08-10,019,,,,,,,,,,,,,,,2,1,0,,,,0,,
2026-08-10,020,,,,,,,,,,,,,,,3,0,0,,,,0,,
2026-08-10,021,,,,,,,,,,,,,,,2,1,0,,,,0,,
2026-08-10,022,,,,,,,,,,,,,,,2,1,0,,,,0,,
2026-08-10,023,,,,,,,,,,,,,,,2,1,0,,,,0,,
2026-08-10,024,,,,,,,,,,,,,,,3,0,0,,,,0,,
2026-08-11,001,,,,,,,,,,,,,,,3,0,0,,,,1,,
2026-08-11,002,,,,,,,,,,,,,,,3,0,0,,,,1,,
2026-08-11,003,,,,,,,,,,,,,,,2,1,0,,,,0,,
2026-08-11,004,,,,,,,,,,,,,,,2,1,0,,,,0,,
2026-08-11,005,,,,,,,,,,,,,,,2,1,0,,,,0,,
2026-08-12,003,,,,,,,,,,,,,,,3,0,0,,,,0,,
2026-08-12,004,,,,,,,,,,,,,,,2,1,0,,,,0,,
2026-08-12,005,,,,,,,,,,,,,,,2,1,0,,,,0,,
2026-08-12,006,,,,,,,,,,,,,,,2,1,0,,,,0,,
2026-08-12,007,,,,,,,,,,,,,,,2,0,0,,,,0,,
2026-08-12,008,,,,,,,,,,,,,,,2,1,0,,,,0,,
2026-08-12,009,,,,,,,,,,,,,,,2,0,0,,,,0,,
2026-08-13,001,,,,,,,,,,,,,,,2,1,0,,,,1,,
2026-08-13,002,,,,,,,,,,,,,,,2,1,0,,,,1,,
2026-08-13,003,,,,,,,,,,,,,,,2,1,0,,,,0,,
2026-08-14,001,,,,,,,,,,,,,,,2,1,0,,,,0,,
2026-08-14,002,,,,,,,,,,,,,,,3,0,0,,,,0,,
2026-08-14,003,,,,,,,,,,,,,,,2,1,0,,10.0,,0,,
2026-08-14,004,,,,,,,,,,,,,,,2,1,0,,,,0,,
2026-08-14,005,,,,,,,,,,,,,,,2,0,0,,10.0,,0,,
2026-08-14,006,,,,,,,,,,,,,,,3,0,0,,8.0,,0,,
2026-08-14,007,,,,,,,,,,,,,,,2,1,0,,,,0,,
2026-08-14,008,,,,,,,,,,,,,,,2,1,0,,10.0,,0,,
2026-08-14,009,,,,,,,,,,,,,,,3,0,0,,,,0,,
2026-08-14,010,,,,,,,,,,,,,,,2,1,0,,10.0,,0,,
2026-08-14,011,,,,,,,,,,,,,,,2,1,0,,,,0,,
2026-08-14,012,,,,,,,,,,,,,,,3,0,0,,,,0,,
2026-08-14,013,,,,,,,,,,,,,,,2,1,0,,15.0,,0,,
2026-08-14,014,,,,,,,,,,,,,,,2,1,0,,15.0,,0,,
2026-08-14,015,,,,,,,,,,,,,,,3,0,0,,,,0,,
2026-08-14,016,,,,,,,,,,,,,,,3,0,0,,,,0,,
2026-08-14,017,,,,,,,,,,,,,,,3,0,0,,,,0,,
2026-08-14,018,,,,,,,,,,,,,,,2,1,0,,,,0,,
2026-08-14,019,,,,,,,,,,,,,,,2,1,0,,,,0,,
2026-08-14,020,,,,,,,,,,,,,,,2,1,0,,,,0,,
2026-08-14,021,,,,,,,,,,,,,,,3,0,0,,,,0,,
2026-08-15,001,,,,,,,,,,,,,,,3,0,0,,,,0,,
2026-08-15,003,,,,,,,,,,,,,,,2,1,0,,,8.0,0,,
2026-08-15,004,,,,,,,,,,,,,,,2,1,0,,,5.0,0,,
2026-08-15,005,,,,,,,,,,,,,,,2,1,0,,,5.0,0,,
2026-08-15,006,,,,,,,,,,,,,,,2,1,0,,15.0,,0,,
2026-08-15,008,,,,,,,,,,,,,,,2,1,0,,,,0,,
2026-08-15,009,,,,,,,,,,,,,,,2,1,0,,6.0,10.0,0,,
2026-08-15,010,,,,,,,,,,,,,,,2,1,0,,,,0,,
2026-08-15,011,,,,,,,,,,,,,,,2,1,0,,,,0,,
2026-08-15,014,,,,,,,,,,,,,,,1,0,0,,12.0,,0,,
2026-08-15,016,,,,,,,,,,,,,,,2,0,0,,,,0,,
2026-08-15,019,,,,,,,,,,,,,,,2,1,0,,9.0,,0,,
2026-08-15,024,,,,,,,,,,,,,,,2,1,0,,7.0,,0,,
2026-08-15,026,,,,,,,,,,,,,,,2,1,0,,,,0,,
2026-08-16,003,,,,2.0,2.0,1.0,,,,,,,,,2,1,0,,16.0,,0,,
2026-08-16,004,,,,,,,,,,,,,,,2,1,0,,23.0,,0,,
2026-08-16,005,,,,,,,,,,,,,,,2,1,0,,12.0,,0,,
2026-08-16,006,,,,,,,,,,,,,,,2,0,0,,,7.0,0,,
2026-08-16,007,,,,,,,,,,,,,,,2,0,0,,,8.0,0,,
2026-08-16,010,,,,1.0,3.0,1.0,,,,,,,,,2,1,0,,,,0,,
2026-08-16,011,,,,,,,,,,,,,,,2,1,0,,,,0,,
2026-08-16,012,,,,,,,,,,,,,,,2,1,0,,13.0,,0,,
2026-08-16,014,,,,,,,,,,,,,,,2,1,0,,,,0,,
2026-08-16,015,,,,,,,,,,,,,,,2,1,0,,12.0,,0,,
2026-08-16,017,,,,,,,,,,,,,,,2,1,0,,11.0,,0,,
2026-08-16,018,,,,,,,,,,,,,,,2,1,0,,,,0,,
2026-08-16,019,,,,,,,,,,,,,,,2,0,0,,,9.0,0,,
2026-08-16,020,,,,,,,,,,,,,,,2,0,0,,,8.0,0,,
2026-08-16,021,,,,,,,,,,,,,,,2,1,0,,13.0,,0,,
2026-08-16,022,,,,,,,,,,,31.0,,,,2,1,0,,,,0,,
2026-08-16,024,,,,,,,,,,,,,,,2,1,0,,,,0,0.571,0.286
2026-08-16,025,,,,,,,,,,,31.0,,,,2,1,0,,12.0,,0,,
2026-08-17,001,,,,,,,,,,,,,,,2,1,0,,10.0,,0,,
2026-08-17,002,,,,,,,1.0,10.0,,,18.0,,,9.0,3,1,0,,10.0,,0,,
2026-08-17,003,,,,,,,,,,,,,,,2,1,0,,12.0,,0,,
2026-08-17,004,,,,,,,,,,,,,,,2,1,0,,6.0,,0,,
2026-08-17,005,,,,,,,,,,,27.0,,,,2,1,0,,5.0,,0,,
2026-08-17,006,,,,,,,,,,,,,,,2,1,0,,13.0,,0,,
2026-08-18,001,,,,,,,,,,,18.0,,,,2,1,0,,13.0,,0,,
2026-08-18,002,,,,,,,,,,,,,,,2,1,0,,,,0,,
2026-08-18,003,,,,,,,40.0,17.0,,,,,,,2,1,0,,,,0,,
2026-08-18,004,,,,,,,1.0,10.0,,,30.0,,,,2,1,0,,18.0,,0,,
2026-08-19,001,,,,,,,,,,,23.0,8.0,,,2,1,0,,10.0,,0,,
2026-08-19,002,1.9,0.6,2.5,,,,,,,,30.0,,,,3,0,0,,8.0,,0,0.537,0.358
2026-08-19,003,1.2,0.9,2.1,,,,,,,,5.0,66.0,,,2,1,0,,13.0,,0,,
2026-08-19,006,1.9,1.1,3.0,,,,,,,,15.0,86.0,,,2,1,0,,,,0,,
2026-08-19,007,1.2,1.7,2.9,,,,,,,,17.0,54.0,,,2,1,0,,,,0,,
2026-08-19,008,2.2,0.9,3.1,,,,,,,,26.0,,,,3,1,0,,,,0,,
2026-08-20,001,0.8,1.6,2.4,,,,,,,,8.0,,,,2,1,0,,,,0,,
2026-08-20,002,1.3,1.0,2.3,,,,,,,,2.0,,,,2,1,0,,7.0,,0,,
2026-08-20,003,1.1,0.8,1.9,,,,,,,,23.0,,,,2,1,0,,13.0,,0,,
2026-08-20,004,1.2,1.0,2.2,,,,,,,,6.0,,,,3,1,0,,9.0,,0,,
2026-08-20,005,1.0,1.7,2.7,,,,,,,,5.0,,,,2,1,0,,,,0,,
2026-08-20,006,1.6,1.0,2.6,,,,,,,,4.0,,,,2,1,0,,,,0,,
2026-08-20,007,1.6,0.8,2.4,,,,,,,,8.0,,,,2,1,0,,,,0,,
2026-08-20,008,1.5,0.8,2.3,,,,,,,,1.0,,,,2,1,0,,,,0,,
2026-08-20,009,2.2,0.8,3.0,,,,,,,,4.0,,,,3,1,0,,,,0,,
2026-08-21,001,1.5,0.8,2.3,,,,5.0,2.0,,,28.0,,,,2,1,0,,,,0,,
2026-08-21,002,1.2,0.8,2.0,,,,1.0,5.0,,,28.0,,,,1,1,0,,,,0,,
2026-08-21,003,0.8,1.8,2.6,,,,,,,,39.0,,,,2,1,0,,,,0,0.0,-0.833
2026-08-21,004,1.2,0.9,2.1,,,,,,,,19.0,,,,2,1,0,,9.0,,0,,
2026-08-21,005,1.5,1.3,2.8,,,,,,,,18.0,,,,2,1,0,,,,0,0.19,-0.238
2026-08-21,006,1.5,0.9,2.4,,,,24.0,5.0,,,34.0,,,,2,1,0,,,,0,,
2026-08-21,009,1.4,0.8,2.2,,,,,,,,26.0,,,,2,1,0,,11.0,,0,0.3,0.2
2026-08-21,010,2.2,0.6,2.8,,,,,,,,18.0,,,,3,0,0,,,,0,,
2026-08-21,011,1.3,0.9,2.2,,,,,,,,27.0,,,,3,1,0,,9.0,,0,,
2026-08-22,001,1.7,1.1,2.8,,,,,,,,26.0,94.0,,,2,1,0,,,,0,0.524,0.286
2026-08-22,003,1.3,0.9,2.2,,,,,,,,29.0,,,,2,1,0,,,,0,0.467,0.2
2026-08-22,005,1.2,1.0,2.2,,,,,,,,29.0,58.0,,,2,1,0,,,,0,,
2026-08-22,006,1.1,1.2,2.3,,,,,,,,27.0,,,,2,1,0,,,,0,0.2,0.0
2026-08-22,007,0.7,1.8,2.5,,,,,,,,17.0,,,,3,0,0,,,,0,0.625,0.5
2026-08-22,010,1.4,1.1,2.5,,,,,,,,18.0,26.0,,,2,1,0,,,,0,0.448,0.31
2026-08-22,011,1.3,1.3,2.6,,,,,,,,20.0,,,,2,1,0,,,,0,,
2026-08-22,012,1.1,1.4,2.5,,,,,,,,5.0,,,,2,1,0,,,,0,,
2026-08-22,018,1.4,1.2,2.6,,,,,,,,21.0,,,,2,1,0,,,,0,0.545,0.455
2026-08-22,020,1.3,0.6,1.9,,,,,,,,29.0,,,,3,0,0,,,,0,,
2026-08-22,022,1.2,1.5,2.7,,,,,,,,18.0,,,,2,1,0,,,,0,0.542,0.271
2026-08-22,023,0.9,1.2,2.1,,,,,,,,26.0,,,,2,1,0,,,,0,0.677,0.613
2026-08-22,024,1.0,1.2,2.2,,,,,,,,27.0,,,,2,1,0,,,,0,0.4,0.16
2026-08-22,025,1.1,1.1,2.2,,,,,,,,27.0,,,,2,1,0,,,,0,0.385,0.154
2026-08-22,026,1.1,1.2,2.3,,,,,,,,27.0,,,,3,0,0,,,,0,0.621,0.414
2026-08-22,027,0.7,1.9,2.6,,,,,,,,26.0,,,,3,0,0,,,,0,,
2026-08-22,016,1.5,1.0,2.5,,,,,,,,5.0,,,,2,1,0,,,,0,,
2026-08-22,017,1.5,0.8,2.3,,,,,,,,19.0,,,,3,0,0,,,,0,,
2026-08-22,019,1.2,0.9,2.1,,,,,,,,26.0,24.0,,,2,1,0,,,,0,,
2026-08-22,021,1.3,1.1,2.4,,,,,,,,27.0,94.0,,,3,1,0,,,,0,0.677,0.613
2026-08-23,001,1.65,0.85,2.5,,,,,,,,17.0,13.0,,,2,0,0,,,,0,,
2026-08-23,002,2.0,1.5,3.5,,,,,,,,27.0,63.0,,,2,0,0,,,,0,,
2026-08-23,003,1.25,1.1,2.35,,,,,,,,31.0,6.0,,,1,0,0,,,,0,,
2026-08-23,005,1.3,1.35,2.65,,,,,,,,20.0,0.0,,,2,0,0,,,,0,,
2026-08-23,009,1.7,0.8,2.5,,,,,,,,5.0,0.0,,,2,1,0,,,,0,,
2026-08-23,010,1.05,1.3,2.35,,,,,,,,26.0,,,,2,0,0,,,,0,,
2026-08-23,011,1.3,1.55,2.85,,,,6.0,1.0,,,18.0,7.0,,,2,0,0,,,,0,,
2026-08-23,015,1.35,1.25,2.6,,,,,,,,5.0,,,,2,1,0,,,,0,,
2026-08-23,016,1.0,1.15,2.15,,,,,,,,23.0,,,,2,1,0,,,,0,,
2026-08-23,017,1.35,1.45,2.8,,,,,,,,4.0,0.0,,,2,0,0,,,,0,,
2026-08-23,018,1.05,1.65,2.7,,,,,,,,32.0,,,,3,0,0,,,,0,,
2026-08-23,019,1.4,1.2,2.6,,,,,,,,27.0,,,,2,1,0,,,,0,,
2026-08-23,021,1.1,1.15,2.25,,,,,,,,32.0,,,,2,1,0,,,,0,,
2026-08-23,022,1.25,1.2,2.45,,,,,,,,25.0,,,,2,1,0,,,,0,,
2026-08-23,023,1.0,0.95,1.95,,,,,,,,24.0,,,,2,1,0,,,,0,,
2026-08-23,024,0.85,2.05,2.9,,,,,,,,5.0,,,,3,0,0,,,,0,,
2026-08-24,001,1.25,1.15,2.4,,,,,,,,3.0,,,1.0,2,1,0,,,,0,,
2026-08-24,002,1.25,1.5,2.75,,,,,,,,1.0,,,,2,1,0,,,,0,,
2026-08-24,004,1.3,0.95,2.25,,,,,,,,1.0,15.0,,,2,1,0,,,,0,,
2026-08-24,005,1.9,0.85,2.75,,,,,,,,0.0,,,,3,0,0,,,,0,,
2026-08-24,006,1.6,1.05,2.65,,,,,,,,0.0,,,,3,0,0,,,,0,,
2026-08-24,008,0.95,1.7,2.65,,,,,,,,19.0,,,,2,1,0,,,,0,,
2026-08-24,010,1.2,1.15,2.35,,,,,,,,28.0,,,,2,1,0,,,,0,,
2026-08-24,011,0.95,1.35,2.3,,,,,,,,20.0,,,8.0,3,0,0,,,,0,,
2026-08-25,001,,,,,,,,,,,29.0,,,,2,1,0,,,,0,,
2026-08-25,002,,,,,,,,,,,28.0,,,,2,1,0,,,,0,,
2026-08-25,003,,,,,,,,,,,4.0,,,,3,0,0,,,,0,,
2026-08-25,004,,,,,,,2.0,5.0,,,21.0,,,,2,1,0,,,,0,,
2026-08-25,005,,,,,,,,,,,19.0,,,,2,1,0,,,,0,,
2026-08-25,006,,1.3,,,,,,,,,12.0,,,,3,0,0,,,,0,,
2026-08-25,007,,,,,,,,,,,8.0,,,,2,1,0,,,,0,,
2026-08-25,008,,,,,,,,,,,9.0,,,,2,1,0,,,,0,,
2026-08-25,009,,,,,,,,,,,9.0,,,,3,1,0,,,,0,,
2026-08-26,001,1.5,1.2,2.7,,,,,,,,5.0,,,,2,1,3,,,,0,,
2026-08-26,002,0.9,1.0,1.9,,,,,,,,7.0,,,,2,1,3,,,,0,,
2026-08-26,003,1.5,0.9,2.4,,,,,,,,4.0,24.0,,,2,1,3,,,,0,,
2026-08-26,004,1.7,0.9,2.6,,,,,,,,0.0,,,,2,1,0,,,,0,0.412,0.118
2026-08-26,005,1.4,1.0,2.4,,,,,,,,8.0,,,,2,1,3,,,,0,,
2026-08-26,006,1.1,1.4,2.5,,,,,,,,1.0,,,,2,1,3,,,,0,,
2026-08-26,007,1.3,1.9,3.2,,,,,,,,1.0,,,,2,1,3,,,,0,,
2026-08-26,008,1.7,1.6,3.3,,,,,,,,6.0,,,,2,1,3,,,,0,,
2026-08-26,009,1.0,1.5,2.5,,,,,,,,,72.0,,,2,1,0,,,,0,,
2026-08-26,010,,,,,,,,,,,7.0,,,,3,0,0,,,,0,,
2026-08-26,011,1.5,1.0,2.5,,,,,,,,4.0,,,,2,1,3,,,,0,0.5,0.15
2026-08-26,012,1.3,0.8,2.1,,,,,,,,9.0,,,,3,1,0,,,,0,0.4,-0.133
2026-08-27,001,1.1,1.7,2.8,4.0,2.0,2.0,,,,,27.0,,,,2,1,3,,,,0,,
2026-08-27,002,1.1,1.4,2.5,,,,,,,,30.0,,,,2,1,3,,,,0,,
2026-08-27,003,1.3,0.7,2.0,1.0,,,,,,,29.0,,,,2,0,3,,,,0,,
2026-08-27,004,0.9,2.0,2.9,1.0,1.0,3.0,,,,,20.0,,,,3,0,0,,,,0,,
2026-08-27,005,1.4,1.2,2.6,,,,,,,,28.0,,,,2,1,3,,,,0,0.667,0.333
2026-08-27,006,1.4,0.6,2.0,,,,,,,,24.0,,,,2,0,3,,,,0,,
2026-08-27,007,1.4,1.3,2.7,,,,,,,,19.0,,,,2,1,0,,,,0,0.4,0.05
2026-08-27,008,2.3,0.8,3.1,1.0,,,,,,,26.0,,,,3,0,0,,,,0,0.653,0.49
2026-08-27,009,1.1,1.0,2.1,1.0,,,,,,,21.0,,,,2,1,3,,,,0,0.333,0.048
2026-08-28,003,,,,,,,,,,,22.0,,,,2,1,0,,,,1,,
2026-08-28,004,,,,0.0,3.0,2.0,,,,,35.0,,,,3,0,0,,,,1,,
2026-08-28,008,,,,,,,,,,,20.0,70.0,,,3,0,0,,,,1,,
2026-08-28,009,,,,,,,,,,,25.0,,,,2,0,0,,,,1,,
2026-08-28,010,,,,,,,,,,,19.0,,,,2,1,0,,,,1,,
2026-08-28,011,,,,,,,,,,,19.0,,,,3,0,0,,,,1,,
2026-08-28,014,,,,3.0,2.0,,,,,,21.0,,,,2,1,0,,,,1,,
2026-08-29,001,,,,,,,,,,,20.0,,,,3,0,0,,,,1,,
2026-08-29,002,,,,,,,,,,,28.0,,,,2,0,0,,,,1,,
2026-08-29,004,,,,,,,3.0,6.0,,,29.0,,,,2,1,0,,,,1,,
2026-08-29,006,,,,,,,,,,,17.0,,,,2,1,3,,,,1,,
2026-08-29,009,,,,4.0,,,,,,,22.0,,,,2,1,3,,,,1,,
2026-08-29,010,,,,,,,,,,,25.0,,,,2,1,0,,,,1,,
2026-08-29,011,,,,,,,,,,,25.0,,,,2,1,0,,,,1,,
2026-08-29,012,,,,,,,,,,,24.0,,,,2,1,0,,,,1,,
2026-08-29,013,,,,,,,,,,,25.0,,,,2,0,0,,,,1,,
2026-08-29,014,,,,,,,,,,,17.0,,,,2,1,0,,,,1,,
2026-08-29,015,,,,0.0,,,,,,,20.0,,,,2,1,0,,,,1,,
2026-08-29,016,,,,,,,,,,,29.0,,,10.0,2,0,3,,,,1,,
2026-08-29,017,,,,,,,,,,,25.0,,,16.0,3,0,0,,,,1,,
2026-08-29,019,,,,,,,,,,,19.0,,,,2,1,0,,,,1,,
2026-08-29,020,,,,,,,,,,,22.0,,,,2,0,0,,,,1,,
2026-08-29,021,,,,,,,,,,,29.0,,,,2,1,0,,,,1,,
2026-08-29,022,,,,,,,,,,,30.0,,,,3,0,0,,,,1,,
2026-08-29,023,,,,,,,,,,,31.0,,,,3,0,0,,,,1,,
2026-08-29,025,,,,,,,,,,,25.0,,,,2,1,0,,,,1,,
2026-08-29,027,,,,,,,,,,,27.0,,,,3,0,0,,,,1,,
2026-08-29,028,,,,0.0,2.0,1.0,,,,,31.0,,,,3,1,0,,,,1,0.5,0.25
2026-08-30,002,,,,2.0,1.0,2.0,28.0,26.0,,,28.0,,,,2,1,0,,,,1,0.467,0.2
2026-08-30,003,,,,1.0,2.0,2.0,31.0,22.0,,,26.0,,,,3,1,0,,,,1,0.191,-0.255
2026-08-30,008,,,,,,,,,,,21.0,,,,3,1,0,,,,1,0.25,-0.188
2026-08-30,005,,2.0,,,,,10.0,4.0,,,20.0,,,,3,1,0,,,,1,0.407,0.037
2026-08-30,007,,,,4.0,,,24.0,2.0,,,15.0,,,,3,1,0,,,,1,0.31,0.0
2026-08-30,009,,,,,,,13.0,1.0,,,21.0,,,,3,1,0,,,,1,0.222,-0.111
2026-08-30,010,,,,,,,,,,,23.0,,,,3,1,0,,,,1,,
2026-08-30,011,,,,,,,,,,,26.0,,,,3,1,0,,,,1,,
2026-08-30,013,,,,,,,1.0,3.0,,,32.0,,,14.0,3,0,0,,,,1,0.778,0.722
2026-08-30,014,,,,,,,,,,,19.0,,,,3,1,0,,,,1,,
2026-08-30,015,,,,,,,,,,,25.0,,,,3,1,0,,,,1,0.16,-0.28
2026-08-30,016,,,,,,,,,,,31.0,,,,3,1,0,,,,1,0.2,0.0
2026-08-30,017,,,,,,,,,,,21.0,,,,3,1,0,,,,1,,
2026-08-30,019,,,,,,,,,,,29.0,,,,3,0,0,,,,1,0.515,0.152
2026-08-30,020,,1.9,,,,,,,,,29.0,,,,3,0,0,,,,1,,
2026-08-30,021,,,,,,,,,,,26.0,,,,2,1,0,,,,1,0.484,0.194
2026-08-30,022,,,,,,,,,,,26.0,,,,3,1,0,,,,1,0.475,0.275
2026-08-30,023,,,,,,,,,,,20.0,,,,3,1,0,,,,1,0.281,-0.219
2026-08-31,001,1.0,1.2,2.2,,,,28.0,16.0,,,18.0,,,,3,1,0,,,,1,0.264,-0.189
2026-08-31,002,,,,,,,35.0,28.0,,,18.0,,,,2,1,0,,,,1,0.308,-0.231
2026-08-31,003,,,,,,,25.0,15.0,,,32.0,,,,3,1,0,,,,1,,
2026-08-31,004,,,,,,,20.0,9.0,,,19.0,,,,3,1,0,,,,1,,
2026-08-31,005,,,,,,,23.0,17.0,,,19.0,,,,3,1,3,,,,1,,
2026-08-31,006,,,,,,,11.0,12.0,,,23.0,,,4.0,3,1,0,,,,1,0.182,-0.227
2026-08-31,007,,,,,,,15.0,9.0,,,26.0,,,,3,1,0,,,,1,,
2026-08-31,009,1.0,,,,,,,,,,17.0,,,,3,0,0,,,,1,0.286,-0.357
2026-08-31,010,2.3,0.7,3.0,,,,2.0,13.0,,,21.0,,,,3,1,0,,,,1,0.862,0.862
2026-08-31,012,,,,,,,24.0,10.0,,,9.0,0.0,,12.0,3,0,0,,,,1,0.739,0.609
2026-09-01,001,,,,,,,,,,,37.0,,,,2,1,0,,,,1,0.407,0.185
2026-09-01,002,,,,,,,,,,,17.0,,,,2,1,0,,,,1,0.421,0.053
2026-09-01,003,,,,,,,,,,,20.0,,,17.0,2,1,0,,,,1,0.476,0.0
2026-09-01,004,,,,,,,,,,,18.0,,,,2,1,0,,,,1,0.077,-0.308
2026-09-01,005,,,,,,,,,,,19.0,,,,2,1,0,,,,1,0.0,-1.0
2026-09-01,006,,,,,,,,,,,17.0,,,,2,1,0,,,,1,0.393,0.214
2026-09-01,007,,,,,,,,,,,17.0,,,,2,1,0,,,,1,0.571,0.143
2026-09-01,008,,,,,,,,,,,18.0,,,,3,0,0,,,,1,0.0,-0.667
2026-09-01,009,,,,,,,,,,,17.0,,,,2,1,0,,,,1,0.25,-0.15
2026-09-01,010,,,,4.0,,,,,,,27.0,,,,3,1,0,,,,1,0.625,0.625
2026-09-02,001,,,,,,,3.0,7.0,,,24.0,,,,3,1,3,,,,0,,
2026-09-02,002,,,,,,,10.0,4.0,,,30.0,,,,3,1,3,,,,0,0.28,-0.08
2026-09-02,003,,,,,,,11.0,6.0,,,26.0,,,,3,0,0,,,,0,,
2026-09-02,004,,,,3.0,1.0,1.0,13.0,3.0,,,27.0,,,,2,1,3,,,,0,0.167,-0.167
2026-09-02,005,1.45,,,,,,8.0,4.0,,,32.0,,,,2,1,3,,,,0,0.6,0.4
2026-09-02,006,,,,,,,,,,,30.0,,,,2,1,0,,,,0,,
2026-09-02,007,,,,,,,3.0,6.0,,,19.0,,,,2,1,3,,,,0,0.5,0.0
2026-09-02,008,,,,,,,6.0,2.0,,,19.0,,,,2,1,3,,,,0,0.2,0.0
2026-09-02,009,,,,,,,6.0,3.0,,,19.0,,,,2,1,3,,,,0,0.55,0.35
2026-09-02,010,,,,,,,4.0,7.0,,,18.0,,,,3,0,0,,,,0,,
2026-09-02,011,,,,,,,7.0,4.0,,,18.0,,,,2,1,0,,,,0,0.353,0.0
2026-09-02,012,,,,,,,,,,,21.0,,,,2,1,0,,,,0,0.667,0.667
2026-09-02,013,0.9,,,4.0,1.0,,,,,,18.0,,,,3,1,0,,,,0,0.341,-0.171
2026-09-03,001,,,,,,,8.0,5.0,0.0,0.0,38.0,0.0,,,2,1,1,,7.0,7.0,1,,
2026-09-03,002,,0.5,,,,,4.0,4.0,,,36.0,0.0,,,2,1,1,,,,1,,
2026-09-03,003,,,,,,,,,,,18.0,73.0,,,2,1,1,,10.0,10.0,1,0.52,0.16
2026-09-03,004,,,,,,,5.0,2.0,0.0,0.0,36.0,0.0,,,2,1,1,,8.0,8.0,1,,
2026-09-03,005,,1.85,,,,,4.0,2.0,,,28.0,0.0,,,3,0,1,,,,1,0.207,-0.379
2026-09-03,006,,,,,,,,,,,23.0,6.0,,,2,1,1,,,,1,0.484,0.258
2026-09-03,007,,,,,,,,,,,19.0,40.0,,,2,1,1,,,,1,0.279,-0.047
2026-09-04,002,,,,,,,3.0,1.0,,,34.0,0.0,,,3,1,1,,,,1,0.5,0.3
2026-09-04,003,,,,,,,47.0,14.0,,,14.0,2.0,,,3,0,1,,6.0,6.0,1,0.2,-0.5
2026-09-04,004,,,,,,,15.0,3.0,,,36.0,0.0,,,3,0,1,,,,1,0.077,-0.577
2026-09-04,006,,,,,,,,,,,19.0,1.0,,,2,1,1,,,,1,0.286,-0.19
2026-09-04,008,,1.5,,,,,,,,,28.0,1.0,,,2,1,1,,,,1,0.5,0.292
2026-09-04,009,0.9,,,,,,,,,,26.0,5.0,,,2,1,1,,,,1,0.0,-0.333
2026-09-04,010,,1.6,,,,,,,,,18.0,0.0,,,2,1,1,,5.0,5.0,1,0.0,-1.0
2026-09-04,011,,,,,,,,,,,33.0,3.0,,,2,1,1,,6.0,6.0,1,0.179,-0.357
2026-09-04,012,,,,,,,,,,,23.0,3.0,,,2,1,1,,7.0,7.0,1,0.5,0.289
2026-09-04,013,,,,,,,,,,,25.0,3.0,,,3,0,1,,,,1,0.767,0.667
2026-09-05,001,1.2,1.4,2.6,2.0,2.0,,8.0,8.0,0.0,0.0,27.0,3.0,,,2,1,1,,,,1,0.353,0.118
2026-09-05,002,,0.9,,3.0,,,10.0,6.0,0.0,0.0,2.0,0.0,,,2,0,1,,,,0,0.364,0.045
2026-09-05,003,,1.15,,,,,41.0,37.0,0.0,0.0,26.0,37.0,,,2,0,3,,,,1,0.308,-0.135
2026-09-05,004,1.0,,,,,,,,,,17.0,1.0,,,2,1,1,,,,1,0.278,0.0
2026-09-05,005,1.3,,,,,,3.0,5.0,,,19.0,0.0,,,2,1,1,,,,0,,
2026-09-05,006,0.9,0.7,1.6,,,,2.0,5.0,,,31.0,0.0,,,2,1,1,,,,1,0.355,0.194
2026-09-05,007,1.6,1.4,3.0,,,,,,,,21.0,0.0,,,2,1,3,,,,1,,
2026-09-05,008,1.2,1.9,3.1,,,,1.0,4.0,,,18.0,0.0,,,2,1,1,,,,1,0.136,-0.5
2026-09-05,009,1.3,2.2,3.5,,,,,,,,18.0,0.0,,,2,1,3,,6.0,6.0,1,0.429,0.0
2026-09-05,010,,,,,,,,,,,24.0,0.0,,,2,1,3,,,,1,0.235,-0.265
2026-09-05,011,,1.0,,,,,,,,,21.0,0.0,,,3,1,3,,,,1,0.562,0.438
2026-09-05,012,,1.3,,,,,,,,,20.0,0.0,,,3,0,1,,,,1,0.5,0.0
2026-09-05,013,,,,,,,,,,,18.0,0.0,,,3,0,1,,,,0,,
2026-09-05,014,,,,,,,,,,,22.0,0.0,,,2,1,1,,5.0,5.0,1,0.5,0.25
2026-09-05,015,,1.1,,,,,,,,,22.0,0.0,,,2,1,3,,,,1,0.235,-0.118
2026-09-05,016,,1.5,,,,,,,,,29.0,0.0,,,3,0,1,,,,1,0.289,-0.316
2026-09-05,017,1.8,0.9,2.7,,,,,,,,22.0,,,,2,1,1,,,,0,0.333,-0.048
2026-09-05,018,,0.9,,,,,,,,,34.0,0.0,,,2,1,1,,,,1,0.308,-0.026
2026-09-05,019,1.8,1.0,2.8,,,,,,,,12.0,0.0,,,2,1,1,,,,1,0.538,0.269
2026-09-05,020,1.0,0.9,1.9,,,,,,,,20.0,0.0,,,2,1,1,,,,1,0.125,-0.25
2026-09-05,021,0.7,2.6,3.3,,,,,,,,20.0,0.0,,,3,0,1,,5.0,5.0,0,0.097,-0.71
2026-09-05,022,,0.9,,,,,,,,,35.0,0.0,,,2,1,1,,,,1,0.667,0.5
2026-09-05,023,,,,,,,,,,,25.0,0.0,,,3,0,1,,4.0,4.0,0,0.125,-0.719
2026-09-05,024,1.3,2.2,3.5,,,,,,,,33.0,0.0,,,2,0,1,,,,0,0.357,-0.107
2026-09-05,025,,,,,,,,,,,17.0,0.0,,,2,1,1,,7.0,7.0,1,0.385,0.051
2026-09-05,026,1.5,1.3,2.8,,,,,,,,27.0,0.0,,,2,1,3,,6.0,6.0,1,0.29,-0.129
2026-09-05,027,0.9,1.4,2.3,,,,,,,,17.0,0.0,,,2,0,3,,,,1,0.143,-0.381
2026-09-05,028,1.4,1.3,2.7,,,,,,,,27.0,0.0,,,2,1,1,,,,0,0.364,0.091
2026-09-05,029,0.9,1.2,2.1,1.0,1.0,3.0,,,,,21.0,0.0,,,3,1,3,,,,1,0.353,-0.118
2026-09-06,001,,,,,,,,,,,7.0,88.0,,,2,1,1,,,,1,0.366,0.073
2026-09-06,002,0.75,2.0,2.75,,,,,,,,4.0,98.0,,,2,1,1,,,5.0,0,0.25,-0.375
2026-09-06,003,1.0,1.2,2.2,,,,,,,,8.0,0.0,,,2,1,3,,,,0,0.294,-0.059
2026-09-06,004,0.75,1.0,1.75,,,,,,,,0.0,0.0,,,2,1,1,,,,0,0.448,0.069
2026-09-06,005,1.1,1.4,2.5,,,,,,,,6.0,96.0,,,2,0,1,,,4.0,1,0.643,0.286
2026-09-06,006,1.1,1.6,2.7,,,,,,,,1.0,31.0,,,2,1,1,,,,0,0.214,-0.286
2026-09-06,007,1.2,2.6,3.8,,,,,,,,20.0,0.0,,,2,1,1,,,,1,0.308,-0.205
2026-09-06,008,1.4,1.3,2.7,,,,,,,,0.0,32.0,,,2,1,3,,,,0,0.184,-0.342
2026-09-06,009,1.4,0.6,2.0,,,,,,,,3.0,0.0,,,3,1,1,,,,0,0.455,0.182
2026-09-06,010,0.7,0.9,1.6,,,,,,,,4.0,0.0,,,2,1,1,,,,0,0.25,0.25
2026-09-06,011,1.2,1.0,2.2,,,,,,,,9.0,0.0,,,2,1,1,,,,0,0.375,0.125
2026-09-06,012,0.9,0.7,1.6,,,,,,,,19.0,0.0,,,2,1,1,,,,0,0.333,0.0
2026-09-06,013,0.8,2.8,3.6,,,,,,,,32.0,0.0,,,3,0,1,,,,1,0.125,-0.5
2026-09-06,014,1.0,0.7,1.7,,,,,,,,25.0,,,,3,1,3,,,,0,0.308,-0.077
2026-09-06,015,2.3,1.4,3.7,,,,,,,,0.0,65.0,,,2,1,3,,,,0,0.333,0.0
2026-09-06,016,1.7,1.8,3.5,,,,,,,,26.0,0.0,,,3,1,3,,,,1,0.413,0.087
2026-09-06,017,1.9,1.3,3.2,,,,,,,,24.0,0.0,,,2,1,1,,,,1,0.321,0.036
2026-09-06,018,0.9,0.7,1.6,,,,,,,,5.0,0.0,,,2,1,3,,,,0,0.391,0.087
2026-09-06,019,1.3,1.0,2.3,,,,,,,,30.0,8.0,,,3,1,3,,,,0,0.28,-0.2
2026-09-06,020,0.9,1.8,2.7,,,,,,,,29.0,0.0,,,3,1,3,,,,0,0.4,0.0
2026-09-06,021,1.0,0.9,1.9,,,,,,,,28.0,0.0,,,3,1,3,,,,1,0.511,0.298
2026-09-06,022,1.6,0.8,2.4,,,,,,,,26.0,5.0,,,2,1,1,,,,0,,
2026-09-06,023,1.2,1.6,2.8,,,,,,,,1.0,3.0,,,3,1,3,,,,0,0.147,-0.471
2026-09-06,024,0.9,1.8,2.7,,,,,,,,6.0,88.0,,,3,1,3,,,,1,0.281,-0.219
2026-09-07,001,1.2,1.0,2.2,2.0,,,,,,,30.0,2.0,,,2,1,1,,,,0,0.333,0.083
2026-09-07,002,1.0,1.0,2.0,0.0,3.0,,,,,,37.0,0.0,,,2,1,1,,,,1,0.385,0.115
2026-09-07,003,1.3,1.0,2.3,,,,,,,,20.0,1.0,,,2,1,1,,,,1,0.429,0.286
2026-09-07,004,1.0,1.6,2.6,1.0,1.0,3.0,,,,,17.0,3.0,,,3,1,3,,,,0,0.278,-0.333
2026-09-07,005,1.4,1.4,2.8,3.0,,,,,,,36.0,0.0,,,2,0,1,,,,0,1.0,1.0
2026-09-07,006,1.3,1.3,2.6,,,,,,,,25.0,14.0,,,2,1,3,,,,1,0.206,-0.324
2026-09-07,007,0.8,2.0,2.8,4.0,,,,,,,22.0,6.0,,,3,0,1,,,4.0,0,0.385,0.038
2026-09-07,008,0.9,1.0,1.9,,,,,,,,29.0,3.0,,,2,1,1,,,,0,0.083,-0.667
2026-09-07,009,0.9,1.2,2.1,1.0,,,,,,,26.0,3.0,,,3,1,1,,,,0,0.105,-0.474
2026-09-08,001,,,,1.0,1.0,3.0,,,,,24.0,,,,2,1,3,,,,1,0.426,0.204
2026-09-08,002,1.7,1.5,3.2,,,,,,,,25.0,,,,2,1,1,,,,1,,
2026-09-08,003,,,,,,,,,,,16.0,,,,2,1,1,,,,1,,
2026-09-08,004,,,,4.0,,,,,,,18.0,,,,2,0,3,,,8.0,1,0.55,0.2
2026-09-08,005,,,,,,,,,,,37.0,,,,2,1,3,,,,1,0.312,-0.312
2026-09-08,006,1.2,1.0,2.2,3.0,2.0,,,,,,16.0,1.0,,,2,1,3,,,,1,0.684,0.579
2026-09-08,007,1.1,0.8,1.9,,,,,,,,14.0,15.0,,,2,1,1,,,,1,0.333,0.0
2026-09-08,008,,,,,,,,,,,30.0,20.0,,,2,1,3,,,,1,0.857,0.857
2026-09-08,009,1.6,1.4,3.0,,,,,,,,19.0,,,,2,1,1,,,,1,0.333,0.0
2026-09-08,010,1.3,1.1,2.4,,,,,,,,16.0,,,,2,1,3,,,,1,0.0,0.0
2026-09-08,011,1.2,1.5,2.7,,,,,,,,20.0,,,,2,1,3,,,,1,0.0,-0.75
2026-09-08,012,1.3,0.6,1.9,2.0,2.0,1.0,,,,,21.0,,,,2,1,1,,,,1,0.4,0.2
2026-09-09,001,1.1,1.3,2.4,1.0,,,,,,,20.0,,,,2,1,3,,,,0,,
2026-09-09,002,1.9,1.2,3.1,2.0,,,,,,,41.0,,,,2,1,1,,,,0,,
2026-09-09,003,2.4,0.9,3.3,,,,,,,,22.0,,,,2,0,1,,,,1,,
2026-09-09,004,1.6,1.2,2.8,,,,,,,,18.0,,,,2,1,1,,,,1,,
2026-09-09,005,2.2,1.6,3.8,,,,,,,,16.0,,,,2,1,3,,,,0,,
2026-09-09,006,1.7,1.3,3.0,,,,,,,,20.0,,,,2,1,3,,,,1,,
2026-09-09,007,1.4,1.6,3.0,,,,,,,,26.0,,,,2,1,3,,,,0,,
2026-09-09,008,1.6,1.1,2.7,,,,,,,,14.0,,,,2,1,3,,,,0,,
2026-09-09,009,2.4,0.7,3.1,,,,,,,,17.0,,,,2,0,1,,,3.9,0,,
2026-09-09,010,1.0,1.3,2.3,1.0,2.0,2.0,,,,,17.0,,,,2,1,3,,,,0,0.4,0.0
2026-09-09,011,1.8,1.1,2.9,3.0,,,,,,,17.0,,,,2,1,3,,,,1,,
2026-09-09,012,0.6,2.8,3.4,4.0,1.0,,,,,,21.0,,,,3,0,1,,,5.8,1,0.2,-0.2
2026-09-09,013,1.6,0.7,2.3,,,,,,,,20.0,,,,2,1,3,,,,0,,
2026-09-09,014,1.2,0.5,1.7,,,,,,,,13.0,,,,2,1,1,,,,0,0.4,0.0
2026-09-09,015,,,,2.0,,,,,,,20.0,0.0,,,3,1,3,,,,1,,
2026-09-10,001,1.3,1.6,2.9,3.0,1.0,1.0,,,,,24.0,,,,2,1,3,,,,1,,
2026-09-10,002,1.7,1.0,2.7,,,,,,,,17.0,,,,2,1,1,,,,1,,
2026-09-10,003,2.9,1.05,3.95,4.0,1.0,,,,,,14.0,,,,2,0,2,,,10.6,1,,
2026-09-10,004,1.8,1.0,2.8,3.0,2.0,,,,,,15.0,,,,2,1,1,,,,1,,
2026-09-10,005,2.6,1.1,3.7,4.0,,,,,,,16.0,,,,2,0,1,,,8.1,1,,
2026-09-10,006,1.3,1.5,2.8,1.0,4.0,,,,,,18.0,,,,2,1,3,,,,1,,
2026-09-10,007,1.75,1.1,2.85,3.0,1.0,1.0,,,,,16.0,,,,2,1,3,,,,1,0.5,0.167
2026-09-11,001,1.3,1.4,2.7,2.0,1.0,2.0,5.0,7.0,,,24.0,,,,2,1,3,,,,1,,
2026-09-11,002,0.5,1.5,2.0,0.0,3.0,2.0,2.0,6.0,,,40.0,,,17.0,2,1,1,,,,0,,
2026-09-11,003,2.0,1.5,3.5,3.0,2.0,2.0,14.0,6.0,,,21.0,,,13.0,2,1,2,,,8.6,0,,
2026-09-11,004,1.6,0.7,2.3,3.0,1.0,1.0,7.0,4.0,,,15.0,,,12.0,3,0,1,,,,0,,
2026-09-11,005,2.6,1.0,3.6,1.0,1.0,3.0,16.0,5.0,,,17.0,,,1.0,3,0,1,,,9.4,1,,
2026-09-11,006,1.9,1.6,3.5,4.0,1.0,1.0,7.0,10.0,,,18.0,,,5.0,2,1,3,,,,0,,
2026-09-11,007,1.5,0.9,2.4,,,,,,,,17.0,,,,2,1,3,,,,0,,
2026-09-11,008,1.2,1.4,2.6,,,,6.0,11.0,,,22.0,,,,2,1,3,,,,0,0.6,0.4
2026-09-11,009,1.6,1.3,2.9,,,,,,,,19.0,,,,2,1,3,,,,0,,
2026-09-11,010,2.4,0.9,3.3,4.0,1.0,1.0,15.0,6.0,,,20.0,,,14.0,2,1,1,,,,0,,
2026-09-11,011,1.5,0.9,2.4,0.0,1.0,4.0,8.0,8.0,,,32.0,,,20.0,2,1,1,,,,0,,
2026-09-11,012,1.3,1.1,2.4,3.0,1.0,1.0,9.0,6.0,,,18.0,,,7.0,2,1,3,,,,0,,
2026-09-12,001,1.45,1.25,2.7,2.0,1.0,2.0,5.0,4.0,,,27.0,,4.0,,2,1,3,,,,0,,
2026-09-12,002,1.2,1.5,2.7,2.0,3.0,0.0,5.0,2.0,,,28.0,,,,2,1,3,,,,0,,
2026-09-12,003,2.0,0.95,2.95,,,,6.0,4.0,,,27.0,,,,2,1,1,,,,0,0.7,0.7
2026-09-12,004,1.45,1.75,3.2,,,,3.0,7.0,,,28.0,24.0,,,2,1,2,,,,0,0.5,0.4
2026-09-12,005,1.3,1.45,2.75,,,,7.0,8.0,,,22.0,,7.0,,2,1,3,,,,0,,
2026-09-12,006,0.85,1.95,2.8,,,,1.0,7.0,,,27.0,,,,2,1,1,,,,0,,
2026-09-12,007,2.35,1.2,3.55,,,,5.0,1.0,,,24.0,,,,2,1,1,,,6.9,0,,
2026-09-12,008,2.0,1.5,3.5,,,,5.0,0.0,,,25.0,,,,2,1,2,,,,1,,
2026-09-12,009,1.75,1.0,2.75,,,,5.0,2.0,,,21.0,,,,2,1,1,,,,0,,
2026-09-12,010,2.2,1.65,3.85,,,,7.0,1.0,,,22.0,,,,2,1,2,,,9.6,1,,
2026-09-12,011,,,,,,,,,,,25.0,0.0,,,2,1,3,,,,0,0.4,0.3
2026-09-12,012,,,,,,,8.0,7.0,,,23.0,0.0,,,3,0,3,,,6.2,0,0.9,0.9
2026-09-12,013,,,,,,,4.0,5.0,,,21.0,0.0,,,2,1,3,,,,0,0.0,-0.7
2026-09-12,014,,,,,,,0.0,5.0,,,21.0,40.0,,,2,1,3,,,,0,0.75,0.75
2026-09-12,015,,,,,,,4.0,8.0,,,23.0,0.0,,,2,0,3,,,5.1,0,,
2026-09-12,016,0.1,,,,,,6.0,4.0,,,20.0,0.0,,,2,1,3,,,,1,,
2026-09-12,017,,,,,,,5.0,6.0,,,28.0,0.0,,,2,1,3,,,,0,,
2026-09-12,018,,,,,,,8.0,7.0,,,26.0,0.0,,,2,1,3,,,6.5,1,,
2026-09-12,019,0.85,1.75,2.6,,,,3.0,6.0,,,39.0,0.0,,11.0,2,1,3,,,,0,0.154,-0.577
2026-09-12,020,1.1,1.15,2.25,,,,4.0,1.0,,,27.0,0.0,,,2,1,3,,,,0,,
2026-09-12,021,2.2,1.0,3.2,,,,31.0,26.0,,,15.0,0.0,,,2,1,3,,,4.46,0,0.514,0.2
2026-09-12,022,1.75,1.2,2.95,,,,0.0,5.0,,,24.0,0.0,,10.0,2,1,3,,,,0,,
2026-09-12,023,,,,,,,4.0,6.0,,,22.0,0.0,,,2,1,3,,,6.53,0,,
2026-09-12,024,1.8,0.8,2.6,,,,6.0,5.0,,,24.0,0.0,,9.0,3,0,3,,,,0,,
2026-09-12,025,0.45,2.5,2.95,,,,0.0,11.0,,,31.0,0.0,,17.0,3,0,3,,,,0,,
2026-09-12,026,1.35,2.2,3.55,,,,11.0,9.0,,,20.0,0.0,,2.0,3,0,3,,,,0,,
2026-09-12,027,1.3,0.8,2.1,3.0,1.0,1.0,,,,,21.0,0.0,1.0,,2,1,3,,,,0,0.536,0.179
2026-09-12,028,1.35,1.3,2.65,,,,,,,,22.0,0.0,2.0,,2,1,3,,,,0,0.0,0.0
2026-09-12,029,0.8,1.7,2.5,,,,10.0,1.0,,,18.0,0.0,4.0,,3,0,2,,,,0,,
2026-09-12,030,,,,4.0,1.0,3.0,4.0,8.0,,,28.0,0.0,,11.0,3,0,3,,,,0,0.4,0.3
2026-09-13,001,1.35,1.15,2.5,2.0,1.0,2.0,5.0,5.0,0.0,0.0,25.0,,3.0,,2,1,1,,8.9,,0,,
2026-09-13,002,2.2,1.35,3.55,3.0,,,13.0,9.0,0.0,0.0,24.0,0.0,2.0,,3,0,1,,5.6,,0,,
2026-09-13,003,1.35,1.05,2.4,0.0,3.0,2.0,2.0,5.0,,,33.0,0.0,2.0,2.0,2,1,1,,8.6,,0,0.333,-0.167
2026-09-13,004,1.85,1.15,3.0,3.0,1.0,1.0,12.0,4.0,,,17.0,4.0,3.0,15.0,2,1,1,,,5.2,0,0.476,0.095
2026-09-13,005,1.55,1.15,2.7,1.0,2.0,2.0,5.0,7.0,,,13.0,73.0,3.0,,2,1,1,,,,1,0.259,-0.155
2026-09-13,006,1.65,1.05,2.7,1.0,2.0,2.0,7.0,9.0,,,19.0,7.0,4.0,,2,1,1,,,5.6,0,1.0,1.0
2026-09-13,007,1.3,1.0,2.3,1.0,1.0,3.0,4.0,9.0,,,27.0,0.0,7.0,,2,1,1,,7.9,,1,0.4,0.3
2026-09-13,008,1.75,0.95,2.7,2.0,2.0,1.0,8.0,6.0,,,21.0,14.0,6.0,,3,0,1,,,,1,0.429,0.214
2026-09-13,009,2.05,0.85,2.9,2.0,0.0,3.0,12.0,10.0,,,20.0,6.0,5.0,,3,0,1,,,4.0,0,0.75,0.625
2026-09-13,010,0.85,2.35,3.2,1.0,2.0,2.0,5.0,6.0,2.0,3.0,29.0,0.0,5.0,,3,0,1,,,5.4,0,0.107,-0.679
2026-09-13,011,1.15,2.15,3.3,1.0,2.0,2.0,8.0,10.0,1.0,7.0,17.0,0.0,2.0,,2,1,3,,,6.1,1,0.091,-0.636
2026-09-13,012,1.35,1.45,2.8,2.0,2.0,1.0,9.0,8.0,2.0,6.0,28.0,0.0,2.0,,2,1,2,,,,0,0.4,0.0
2026-09-13,013,1.35,1.75,3.1,2.0,1.0,2.0,13.0,10.0,5.0,1.0,21.0,1.0,2.0,,2,1,3,,,,1,0.395,-0.07
2026-09-13,014,1.1,2.3,3.4,4.0,1.0,,16.0,9.0,2.0,1.0,18.0,43.0,5.0,,3,0,1,,,5.8,0,,
2026-09-13,015,1.55,1.05,2.6,2.0,1.0,3.0,11.0,8.0,7.0,6.0,29.0,0.0,4.0,,2,1,1,,,,0,0.545,0.273
2026-09-13,016,1.25,1.35,2.6,2.0,1.0,2.0,6.0,5.0,6.0,2.0,33.0,0.0,1.0,,2,1,1,,,,0,0.6,0.5
2026-09-13,017,2.3,0.75,3.05,5.0,1.0,1.0,15.0,3.0,1.0,3.0,32.0,0.0,4.0,,3,0,1,,,,0,0.846,0.769
2026-09-13,018,2.45,0.85,3.3,4.0,1.0,2.0,17.0,5.0,6.0,1.0,18.0,24.0,2.0,,3,0,1,,,5.0,0,0.85,0.8
2026-09-13,019,1.15,1.45,2.6,2.0,2.0,1.0,9.0,6.0,6.0,8.0,23.0,1.0,2.0,,2,1,1,,7.4,,0,0.154,-0.538
2026-09-13,020,1.2,1.7,2.9,1.0,3.0,1.0,8.0,9.0,2.0,0.0,18.0,6.0,2.0,,2,1,3,,,,1,0.0,-0.917
2026-09-13,021,1.3,1.4,2.7,2.0,1.0,2.0,6.0,8.0,2.0,1.0,22.0,6.0,1.0,,2,1,1,,7.8,,0,0.167,-0.444
2026-09-13,022,0.85,2.2,3.05,0.0,3.0,2.0,4.0,6.0,1.0,5.0,26.0,0.0,1.0,,3,0,1,,,,0,0.118,-0.588
2026-09-13,023,1.85,0.95,2.8,4.0,1.0,3.0,9.0,2.0,2.0,7.0,21.0,76.0,4.0,,2,1,1,,,,0,0.432,0.114
2026-09-13,024,1.45,1.55,3.0,0.0,4.0,1.0,9.0,10.0,3.0,2.0,21.0,15.0,4.0,9.0,3,1,1,,,5.5,0,0.325,0.0
