date,no,league,lgc,lam,xg_h,xg_a,shot_h,shot_a,sot_h,sot_a,cor_h,cor_a,big_h,big_a,inj_h,inj_a,temp,rain,rank_gap,h2h_edge,xg_diff,shot_diff,sot_diff,cor_diff,big_diff,inj_diff,act,act_dir,act_htft,act_balls,act_h,act_a,act_hh,act_ha,v11_dir_hit,v11_score_hit,v11_ht_hit,v11_ou_hit
2026-08-12,003,欧冠资格赛,lg-ucl,,3.71,2.61,23.0,19.0,,,,,,,,,,,,,1.1,4.0,,,,,2-2（0-0）,平,平平,4,2,2,0.0,0.0,ok,no,ok,
2026-08-12,004,欧冠资格赛,lg-ucl,,3.0,1.28,29.0,14.0,,,,,,,,,,,,,1.72,15.0,,,,,4-0（0-0）,主胜,平胜,4,4,0,0.0,0.0,ok,no,ok,
2026-08-12,005,欧冠资格赛,lg-ucl,,1.9,1.08,17.0,10.0,,,,,,,,,,,,,0.8199999999999998,7.0,,,,,1-1（0-0）,平,平平,2,1,1,0.0,0.0,ok,ok,ok,
2026-08-12,006,欧冠资格赛,lg-ucl,,,,10.0,4.0,7.0,3.0,12.0,9.0,,,,,,,,,,6.0,4.0,3.0,,,2-0（0-0）,主胜,平胜,2,2,0,0.0,0.0,no,no,no,
2026-08-12,007,欧冠资格赛,lg-ucl,,,,11.0,5.0,4.0,1.0,1.0,4.0,,,,,,,,,,6.0,3.0,-3.0,,,2-0（0-0）,主胜,平胜,2,2,0,0.0,0.0,ok,ok,ok,
2026-08-12,008,欧冠资格赛,lg-ucl,,1.35,2.17,19.0,11.0,,,,,,,,,,,,,-0.8199999999999998,8.0,,,,,0-1（0-0）,客胜,平负,1,0,1,0.0,0.0,ok,ok,ok,
2026-08-12,009,欧冠资格赛,lg-ucl,,3.32,0.55,19.0,6.0,,,,,,,,,,,,,2.7699999999999996,13.0,,,,,3-0（1-0）,主胜,胜胜,3,3,0,1.0,0.0,ok,no,ok,
2026-08-13,001,欧超杯,lg-ucl,,,,12.0,15.0,6.0,4.0,,,,,,,,,,,,-3.0,2.0,,,,2-1（1-1）,主胜,平胜,3,2,1,1.0,1.0,no,no,no,
2026-08-13,002,解放者杯,lg-bras,,1.77,0.65,16.0,11.0,,,,,,,,,,,,,1.12,5.0,,,,,1-1（1-0）,平,胜平,2,1,1,1.0,0.0,ok,ok,no,
2026-08-13,003,解放者杯,lg-bras,,1.76,0.23,21.0,8.0,,,,,,,,,,,,,1.53,13.0,,,,,1-1（0-0）,平,平平,2,1,1,0.0,0.0,ok,ok,ok,
2026-08-05,001,巴西杯,lg-bras,,,,12.0,16.0,3.0,5.0,,,,,,,,,,,,-4.0,-2.0,,,,0-1（0-0）,客胜,平负,1,0,1,0.0,0.0,ok,ok,ok,
2026-08-05,002,欧冠,lg-ucl,,1.45,0.78,11.0,5.0,4.0,1.0,2.0,4.0,,,,,,,,,0.6699999999999999,6.0,3.0,-2.0,,,1-2（0-0）,客胜,平负,3,1,2,0.0,0.0,ok,ok,ok,
2026-08-05,003,欧冠,lg-ucl,,0.62,1.32,12.0,13.0,5.0,4.0,5.0,2.0,,,,,,,,,-0.7000000000000001,-1.0,1.0,3.0,,,0-0（0-0）,平,平平,0,0,0,0.0,0.0,no,no,ok,
2026-08-05,004,欧冠,lg-ucl,,,,,,,,,,,,,,,,,,,,,,,,3-3（2-2）,平,平平,6,3,3,2.0,2.0,ok,no,ok,
2026-08-05,005,欧冠,lg-ucl,,1.29,1.28,9.0,11.0,3.0,4.0,6.0,9.0,,,,,,,,,0.010000000000000009,-2.0,-1.0,-3.0,,,2-1（0-1）,主胜,负胜,3,2,1,0.0,1.0,no,no,no,
2026-08-01,001,挪超,lg-nor,,0.67,1.68,14.0,14.0,5.0,7.0,3.0,3.0,,,,,,,,,-1.0099999999999998,0.0,-2.0,0.0,,,0-3（0-1）,客胜,负负,3,0,3,0.0,1.0,no,no,no,
2026-08-01,002,挪超,lg-nor,,2.31,0.47,13.0,7.0,7.0,1.0,10.0,2.0,,,,,,,,,1.84,6.0,6.0,8.0,,,4-0（2-0）,主胜,胜胜,4,4,0,2.0,0.0,ok,no,ok,
2026-08-01,003,美职联,lg-mls,,2.21,1.16,16.0,13.0,5.0,5.0,3.0,2.0,,,,,,,,,1.05,3.0,0.0,1.0,,,1-1（1-1）,平,平平,2,1,1,1.0,1.0,no,no,ok,
2026-08-01,004,韩职,lg-k1,,1.2,1.69,14.0,10.0,3.0,5.0,6.0,5.0,,,,,,,,,-0.49,4.0,-2.0,1.0,,,0-3（0-1）,客胜,负负,3,0,3,0.0,1.0,no,no,no,
2026-08-01,005,韩职,lg-k1,,0.74,0.29,14.0,7.0,5.0,2.0,4.0,5.0,,,,,,,,,0.45,7.0,3.0,-1.0,,,0-0（0-0）,平,平平,0,0,0,0.0,0.0,ok,no,ok,
2026-08-01,006,韩职,lg-k1,,0.45,0.95,9.0,9.0,2.0,6.0,3.0,7.0,,,,,,,,,-0.49999999999999994,0.0,-4.0,-4.0,,,0-1（0-0）,客胜,平负,1,0,1,0.0,0.0,ok,ok,ok,
2026-08-01,007,芬超,lg-fin,,,,11.0,18.0,4.0,1.0,5.0,4.0,,,,,,,,,,-7.0,3.0,1.0,,,3-0（2-0）,主胜,胜胜,3,3,0,2.0,0.0,ok,ok,ok,
2026-08-01,008,瑞超,lg-swe,,0.73,1.76,10.0,12.0,1.0,6.0,5.0,6.0,,,,,,,,,-1.03,-2.0,-5.0,-1.0,,,1-1（1-1）,平,平平,2,1,1,1.0,1.0,no,no,ok,
2026-08-01,009,挪超,lg-nor,,1.5,1.15,16.0,15.0,5.0,2.0,6.0,5.0,,,,,,,,,0.3500000000000001,1.0,3.0,1.0,,,1-0（1-0）,主胜,胜胜,1,1,0,1.0,0.0,ok,ok,ok,
2026-08-01,010,芬超,lg-fin,,,,17.0,12.0,5.0,1.0,2.0,3.0,,,,,,,,,,5.0,4.0,-1.0,,,2-0（1-0）,主胜,胜胜,2,2,0,1.0,0.0,ok,ok,ok,
2026-08-02,001,韩职,lg-k1,,2.23,1.5,12.0,8.0,,,,,,,,,,,,,0.73,4.0,,,,,3-1（0-0）,主胜,平胜,4,3,1,0.0,0.0,ok,no,ok,
2026-08-02,002,韩职,lg-k1,,1.76,1.72,13.0,11.0,,,,,,,,,,,,,0.040000000000000036,2.0,,,,,3-3（2-2）,平,平平,6,3,3,2.0,2.0,no,no,ok,
2026-08-02,003,韩职,lg-k1,,2.08,0.67,17.0,8.0,,,,,,,,,,,,,1.4100000000000001,9.0,,,,,2-0（0-0）,主胜,平胜,2,2,0,0.0,0.0,ok,ok,ok,
2026-08-02,004,瑞超,lg-swe,,1.89,2.18,14.0,18.0,,,,,,,,,,,,,-0.29000000000000026,-4.0,,,,,1-2（0-0）,客胜,平负,3,1,2,0.0,0.0,ok,ok,ok,
2026-08-02,005,瑞超,lg-swe,,2.58,1.16,20.0,11.0,6.0,4.0,,,,,,,,,,,1.4200000000000002,9.0,2.0,,,,2-0（1-0）,主胜,胜胜,2,2,0,1.0,0.0,ok,ok,ok,
2026-08-02,006,芬超,lg-fin,,,,19.0,13.0,4.0,4.0,,,,,,,,,,,,6.0,0.0,,,,0-1（0-1）,客胜,负负,1,0,1,0.0,1.0,ok,ok,ok,
2026-08-02,007,芬超,lg-fin,,,,9.0,16.0,4.0,2.0,,,,,,,,,,,,-7.0,2.0,,,,1-0（0-0）,主胜,平胜,1,1,0,0.0,0.0,ok,ok,ok,
2026-08-02,008,瑞超,lg-swe,,0.97,2.25,14.0,13.0,1.0,7.0,,,,,,,,,,,-1.28,1.0,-6.0,,,,0-3（0-2）,客胜,负负,3,0,3,0.0,2.0,no,no,no,
2026-08-02,009,挪超,lg-nor,,1.4,1.38,14.0,16.0,,,,,,,,,,,,,0.020000000000000018,-2.0,,,,,2-1（2-0）,主胜,胜胜,3,2,1,2.0,0.0,ok,no,ok,
2026-08-02,010,挪超,lg-nor,,1.83,1.46,19.0,14.0,,,,,,,,,,,,,0.3700000000000001,5.0,,,,,3-3（1-1）,平,平平,6,3,3,1.0,1.0,ok,no,ok,
2026-08-02,011,挪超,lg-nor,,2.98,2.77,24.0,11.0,,,,,,,,,,,,,0.20999999999999996,13.0,,,,,2-6（1-1）,客胜,平负,8,2,6,1.0,1.0,no,no,ok,
2026-08-02,015,挪超,lg-nor,,2.51,1.58,26.0,12.0,,,,,,,,,,,,,0.9299999999999997,14.0,,,,,0-3（0-3）,客胜,负负,3,0,3,0.0,3.0,ok,ok,ok,
2026-08-02,016,芬超,lg-fin,,,,18.0,12.0,8.0,7.0,,,,,,,,,,,,6.0,1.0,,,,0-1（0-1）,客胜,负负,1,0,1,0.0,1.0,ok,ok,ok,
2026-08-02,017,美职联,lg-mls,,1.61,1.07,12.0,13.0,,,,,,,,,,,,,0.54,-1.0,,,,,2-2（2-1）,平,胜平,4,2,2,2.0,1.0,ok,no,no,
2026-08-02,018,美职联,lg-mls,,2.51,0.3,21.0,5.0,,,,,,,,,,,,,2.21,16.0,,,,,1-1（0-1）,平,负平,2,1,1,0.0,1.0,ok,ok,no,
2026-08-02,019,巴西杯,lg-bras,,,,20.0,6.0,4.0,3.0,,,,,,,,,,,,14.0,1.0,,,,0-0（0-0）,平,平平,0,0,0,0.0,0.0,no,no,ok,
2026-08-02,020,美职联,lg-mls,,0.94,0.78,14.0,14.0,,,,,,,,,,,,,0.15999999999999992,0.0,,,,,2-1（1-1）,主胜,平胜,3,2,1,1.0,1.0,ok,ok,ok,
2026-08-02,021,美职联,lg-mls,,1.75,1.51,20.0,9.0,,,,,,,,,,,,,0.24,11.0,,,,,1-1（0-0）,平,平平,2,1,1,0.0,0.0,no,no,ok,
2026-08-02,022,美职联,lg-mls,,1.28,1.65,18.0,18.0,,,,,,,,,,,,,-0.3699999999999999,0.0,,,,,0-0（0-0）,平,平平,0,0,0,0.0,0.0,ok,no,ok,
2026-08-02,023,美职联,lg-mls,,1.77,1.43,14.0,16.0,,,,,,,,,,,,,0.3400000000000001,-2.0,,,,,2-1（1-1）,主胜,平胜,3,2,1,1.0,1.0,ok,no,ok,
2026-08-03,012,挪超,lg-nor,,1.02,2.18,12.0,15.0,,,,,,,,,,,,,-1.1600000000000001,-3.0,,,,,3-2（1-0）,主胜,胜胜,5,3,2,1.0,0.0,no,no,no,
2026-08-03,013,巴西杯,lg-bras,,,,,,2.0,3.0,3.0,2.0,,,,,,,,,,,-1.0,1.0,,,1-1（1-0）,平,胜平,2,1,1,1.0,0.0,no,no,ok,
2026-08-03,014,巴西杯,lg-bras,,,,,,3.0,3.0,4.0,5.0,,,,,,,,,,,0.0,-1.0,,,2-0（0-0）,主胜,平胜,2,2,0,0.0,0.0,ok,no,ok,
2026-08-04,001,芬超,lg-fin,,,,8.0,19.0,4.0,6.0,,,,,,,,,,,,-11.0,-2.0,,,,3-0（0-0）,主胜,平胜,3,3,0,0.0,0.0,no,no,ok,
2026-08-04,002,瑞超,lg-swe,,0.73,2.6,14.0,19.0,,,,,,,,,,,,,-1.87,-5.0,,,,,0-2（0-2）,客胜,负负,2,0,2,0.0,2.0,ok,ok,ok,
2026-08-04,003,瑞超,lg-swe,,,,15.0,5.0,11.0,1.0,,,,,,,,,,,,10.0,10.0,,,,6-0（3-0）,主胜,胜胜,6,6,0,3.0,0.0,ok,no,ok,
2026-08-04,004,巴西杯,lg-bras,,,,21.0,4.0,5.0,1.0,,,,,,,,,,,,17.0,4.0,,,,2-0（1-0）,主胜,胜胜,2,2,0,1.0,0.0,ok,ok,ok,
2026-08-07,001,日职联,lg-j1,,1.46,3.44,11.0,21.0,,,,,,,,,,,,,-1.98,-10.0,,,,,3-4（2-1）,客胜,胜负,7,3,4,2.0,1.0,ok,no,no,
2026-08-07,002,日职联,lg-j1,,1.08,3.2,12.0,19.0,,,,,,,,,,,,,-2.12,-7.0,,,,,4-3（2-1）,主胜,胜胜,7,4,3,2.0,1.0,no,no,no,
2026-08-07,003,芬超,lg-fin,,,,23.0,8.0,6.0,3.0,,,,,,,,,,,,15.0,3.0,,,,2-2（1-2）,平,负平,4,2,2,1.0,2.0,ok,no,no,
2026-08-07,004,挪超,lg-nor,,1.33,2.25,19.0,16.0,,,,,,,,,,,,,-0.9199999999999999,3.0,,,,,0-1（0-1）,客胜,负负,1,0,1,0.0,1.0,no,no,no,
2026-08-07,005,荷甲,lg-ered,,0.72,2.87,11.0,18.0,,,,,,,,,,,,,-2.1500000000000004,-7.0,,,,,0-4（0-3）,客胜,负负,4,0,4,0.0,3.0,ok,no,ok,
2026-08-07,006,荷乙,lg-eers,,,,14.0,27.0,4.0,7.0,,,,,,,,,,,,-13.0,-3.0,,,,1-2（1-0）,客胜,胜负,3,1,2,1.0,0.0,ok,ok,no,
2026-08-07,007,荷乙,lg-eers,,,,15.0,9.0,7.0,4.0,,,,,,,,,,,,6.0,3.0,,,,1-0（0-0）,主胜,平胜,1,1,0,0.0,0.0,no,no,no,
2026-08-07,008,德乙,lg-bundes2,,1.16,0.74,13.0,11.0,,,,,,,,,,,,,0.41999999999999993,2.0,,,,,0-1（0-1）,客胜,负负,1,0,1,0.0,1.0,no,no,no,
2026-08-07,009,英联杯,lg-champ,,1.63,1.59,13.0,11.0,,,,,,,,,,,,,0.039999999999999813,2.0,,,,,1-0（0-0）,主胜,平胜,1,1,0,0.0,0.0,ok,ok,ok,
2026-08-07,010,葡超,lg-prime,,1.06,1.47,14.0,6.0,,,,,,,,,,,,,-0.4099999999999999,8.0,,,,,1-1（0-1）,平,负平,2,1,1,0.0,1.0,no,no,no,
2026-08-07,011,巴西杯,lg-bras,,,,16.0,14.0,9.0,3.0,,,,,,,,,,,,2.0,6.0,,,,4-0（2-0）,主胜,胜胜,4,4,0,2.0,0.0,no,no,no,
2026-08-07,012,欧联资格赛,lg-uel,,,,,,,,,,,,,,,,,,,,,,,,2-1（2-1）,主胜,胜胜,3,2,1,2.0,1.0,ok,no,ok,
2026-08-07,013,欧联资格赛,lg-uel,,,,,,2.0,2.0,5.0,1.0,,,,,,,,,,,0.0,4.0,,,0-1（0-1）,客胜,负负,1,0,1,0.0,1.0,no,no,no,
2026-08-07,014,欧联资格赛,lg-uel,,,,,,,,,,,,,,,,,,,,,,,,6-1（3-0）,主胜,胜胜,7,6,1,3.0,0.0,ok,no,ok,
2026-08-08,001,日职联,lg-j1,,0.78,1.35,6.0,17.0,,,,,,,,,,,,,-0.5700000000000001,-11.0,,,,,2-1（2-1）,主胜,胜胜,3,2,1,2.0,1.0,ok,ok,ok,
2026-08-08,002,日职乙,lg-j2,,,,9.0,8.0,2.0,4.0,2.0,6.0,,,,,,,,,,1.0,-2.0,-4.0,,,1-0（1-0）,主胜,胜胜,1,1,0,1.0,0.0,ok,ok,ok,
2026-08-08,003,韩职,lg-k1,,2.05,2.66,23.0,21.0,,,,,,,,,,,,,-0.6100000000000003,2.0,,,,,1-2（0-2）,客胜,负负,3,1,2,0.0,2.0,no,no,no,
2026-08-08,004,韩职,lg-k1,,3.75,1.85,39.0,10.0,,,,,,,,,,,,,1.9,29.0,,,,,1-3（0-1）,客胜,负负,4,1,3,0.0,1.0,no,no,no,
2026-08-08,005,韩职,lg-k1,,0.64,0.63,7.0,5.0,,,,,,,,,,,,,0.010000000000000009,2.0,,,,,0-0（0-0）,平,平平,0,0,0,0.0,0.0,ok,no,ok,
2026-08-08,006,挪超,lg-nor,,1.44,2.47,15.0,14.0,,,,,,,,,,,,,-1.0300000000000002,1.0,,,,,1-2（0-1）,客胜,负负,3,1,2,0.0,1.0,ok,ok,ok,
2026-08-08,007,英联杯,lg-champ,,0.97,1.16,12.0,6.0,,,,,,,,,,,,,-0.18999999999999995,6.0,,,,,1-1（0-0）,平,平平,2,1,1,0.0,0.0,ok,ok,ok,
2026-08-08,008,瑞超,lg-swe,,1.44,2.82,8.0,18.0,,,,,,,,,,,,,-1.38,-10.0,,,,,3-4（2-1）,客胜,胜负,7,3,4,2.0,1.0,no,no,no,
2026-08-08,009,英联杯,lg-champ,,2.07,0.6,12.0,12.0,,,,,,,,,,,,,1.4699999999999998,0.0,,,,,3-1（2-1）,主胜,胜胜,4,3,1,2.0,1.0,ok,no,ok,
2026-08-08,010,英联杯,lg-champ,,1.37,0.59,14.0,6.0,,,,,,,,,,,,,0.7800000000000001,8.0,,,,,0-1（0-1）,客胜,负负,1,0,1,0.0,1.0,ok,ok,ok,
2026-08-08,011,挪超,lg-nor,,2.74,2.58,17.0,24.0,,,,,,,,,,,,,0.16000000000000014,-7.0,,,,,2-1（1-0）,主胜,胜胜,3,2,1,1.0,0.0,ok,ok,ok,
2026-08-08,012,荷甲,lg-ered,,2.15,1.66,27.0,8.0,,,,,,,,,,,,,0.49,19.0,,,,,1-2（0-2）,客胜,负负,3,1,2,0.0,2.0,no,no,no,
2026-08-08,013,葡超,lg-prime,,1.39,0.67,16.0,9.0,,,,,,,,,,,,,0.7199999999999999,7.0,,,,,1-0（0-0）,主胜,平胜,1,1,0,0.0,0.0,ok,ok,ok,
2026-08-08,014,瑞超,lg-swe,,1.01,2.97,11.0,24.0,,,,,,,,,,,,,-1.9600000000000002,-13.0,,,,,0-1（0-1）,客胜,负负,1,0,1,0.0,1.0,ok,ok,ok,
2026-08-08,015,芬超,lg-fin,,,,15.0,17.0,5.0,7.0,,,,,,,,,,,,-2.0,-2.0,,,,1-3（1-2）,客胜,负负,4,1,3,1.0,2.0,ok,no,ok,
2026-08-08,016,荷甲,lg-ered,,2.43,1.51,20.0,13.0,,,,,,,,,,,,,0.9200000000000002,7.0,,,,,4-1（1-1）,主胜,平胜,5,4,1,1.0,1.0,ok,no,no,
2026-08-08,017,葡超,lg-prime,,2.28,0.43,24.0,4.0,,,,,,,,,,,,,1.8499999999999999,20.0,,,,,0-1（0-0）,客胜,平负,1,0,1,0.0,0.0,no,no,no,
2026-08-08,018,荷甲,lg-ered,,2.56,0.98,21.0,8.0,,,,,,,,,,,,,1.58,13.0,,,,,2-2（0-1）,平,负平,4,2,2,0.0,1.0,no,no,no,
2026-08-08,019,法乙,lg-l2,,1.16,1.19,17.0,9.0,,,,,,,,,,,,,-0.030000000000000027,8.0,,,,,0-1（0-1）,客胜,负负,1,0,1,0.0,1.0,ok,ok,ok,
2026-08-08,020,法乙,lg-l2,,2.5,1.28,27.0,12.0,,,,,,,,,,,,,1.22,15.0,,,,,1-1（0-0）,平,平平,2,1,1,0.0,0.0,no,no,ok,
2026-08-08,021,法乙,lg-l2,,0.59,1.12,10.0,14.0,,,,,,,,,,,,,-0.5300000000000001,-4.0,,,,,0-1（0-0）,客胜,平负,1,0,1,0.0,0.0,no,no,ok,
2026-08-08,022,荷甲,lg-ered,,2.74,0.86,12.0,10.0,,,,,,,,,,,,,1.8800000000000003,2.0,,,,,2-0（0-0）,主胜,平胜,2,2,0,0.0,0.0,ok,ok,ok,
2026-08-08,023,巴甲,lg-bras,,1.45,1.94,12.0,19.0,,,,,,,,,,,,,-0.49,-7.0,,,,,2-1（0-1）,主胜,负胜,3,2,1,0.0,1.0,ok,ok,no,
2026-08-08,024,葡超,lg-prime,,1.1,2.63,8.0,15.0,,,,,,,,,,,,,-1.5299999999999998,-7.0,,,,,2-2（0-0）,平,平平,4,2,2,0.0,0.0,no,no,ok,
2026-08-08,025,巴甲,lg-bras,,1.39,1.0,22.0,14.0,,,,,,,,,,,,,0.3899999999999999,8.0,,,,,1-1（1-0）,平,胜平,2,1,1,1.0,0.0,ok,ok,ok,
2026-08-06,001,巴西杯,lg-bras,,,,13.0,14.0,4.0,6.0,,,,,,,,,,,,-1.0,-2.0,,,,1-3（0-1）,客胜,负负,4,1,3,0.0,1.0,no,no,no,
2026-08-06,002,欧冠资格赛,lg-ucl,,,,,,3.0,4.0,6.0,5.0,,,,,,,,,,,-1.0,1.0,,,2-1（1-0）,主胜,胜胜,3,2,1,1.0,0.0,no,no,no,
2026-08-06,003,欧冠资格赛,lg-ucl,,,,17.0,5.0,10.0,1.0,4.0,2.0,,,,,,,,,,12.0,9.0,2.0,,,2-0（2-0）,主胜,胜胜,2,2,0,2.0,0.0,ok,ok,ok,
2026-08-06,004,欧联资格赛,lg-uel,,,,,,,,,,,,,,,,,,,,,,,,1-1（0-1）,平,负平,2,1,1,0.0,1.0,ok,ok,no,
2026-08-09,001,日职联,lg-j1,,2.0,1.36,15.0,15.0,,,,,,,,,,,,,0.6399999999999999,0.0,,,,,1-1（0-0）,平,平平,2,1,1,0.0,0.0,ok,ok,ok,
2026-08-09,002,日职乙,lg-j1,,1.95,0.78,16.0,10.0,,,,,,,,,,,,,1.17,6.0,,,,,2-1（2-0）,主胜,胜胜,3,2,1,2.0,0.0,no,no,no,
2026-08-09,003,日职乙,lg-j2,,,,19.0,18.0,5.0,5.0,6.0,6.0,,,,,,,,,,1.0,0.0,0.0,,,2-0（1-0）,主胜,胜胜,2,2,0,1.0,0.0,no,no,no,
2026-08-09,004,荷甲,lg-ered,,0.97,3.59,10.0,22.0,,,,,,,,,,,,,-2.62,-12.0,,,,,0-1（0-1）,客胜,负负,1,0,1,0.0,1.0,ok,ok,ok,
2026-08-09,005,德乙,lg-bundes2,,1.72,1.78,18.0,15.0,,,,,,,,,,,,,-0.06000000000000005,3.0,,,,,1-1（0-0）,平,平平,2,1,1,0.0,0.0,ok,ok,ok,
2026-08-09,006,德乙,lg-bundes2,,2.23,1.96,16.0,10.0,,,,,,,,,,,,,0.27,6.0,,,,,3-0（2-0）,主胜,胜胜,3,3,0,2.0,0.0,ok,no,ok,
2026-08-09,007,瑞超,lg-swe,,1.68,0.2,16.0,2.0,,,,,,,,,,,,,1.48,14.0,,,,,3-0（2-0）,主胜,胜胜,3,3,0,2.0,0.0,ok,no,ok,
2026-08-09,008,芬超,lg-fin,,,,15.0,17.0,5.0,3.0,,,,,,,,,,,,-2.0,2.0,,,,1-1（1-0）,平,胜平,2,1,1,1.0,0.0,ok,ok,no,
2026-08-09,011,挪超,lg-nor,,2.11,2.78,17.0,16.0,,,,,,,,,,,,,-0.6699999999999999,1.0,,,,,0-2,客胜,,2,0,2,,,no,no,no,
2026-08-09,012,芬超,lg-fin,,,,19.0,14.0,3.0,1.0,,,,,,,,,,,,5.0,2.0,,,,0-0（0-0）,平,平平,0,0,0,0.0,0.0,ok,ok,ok,
2026-08-09,013,瑞超,lg-swe,,0.94,3.06,15.0,20.0,,,,,,,,,,,,,-2.12,-5.0,,,,,0-2（0-0）,客胜,平负,2,0,2,0.0,0.0,no,no,no,
2026-08-09,014,瑞超,lg-swe,,2.39,0.67,20.0,10.0,,,,,,,,,,,,,1.7200000000000002,10.0,,,,,3-2（1-1）,主胜,平胜,5,3,2,1.0,1.0,ok,no,ok,
2026-08-09,016,挪超,lg-nor,,2.17,0.7,13.0,10.0,,,,,,,,,,,,,1.47,3.0,,,,,1-1（0-1）,平,负平,2,1,1,0.0,1.0,ok,ok,no,
2026-08-10,017,芬超,lg-fin,,,,5.0,10.0,2.0,4.0,,,,,,,,,,,,-5.0,-2.0,,,,0-1（0-1）,客胜,负负,1,0,1,0.0,1.0,ok,ok,ok,
2026-08-10,018,葡超,lg-prime,,2.61,1.6,9.0,15.0,,,,,,,,,,,,,1.0099999999999998,-6.0,,,,,2-0（2-0）,主胜,胜胜,2,2,0,2.0,0.0,ok,ok,ok,
2026-08-10,019,挪超,lg-nor,,1.2,3.61,11.0,31.0,,,,,,,,,,,,,-2.41,-20.0,,,,,2-1（1-0）,主胜,胜胜,3,2,1,1.0,0.0,no,no,no,
2026-08-10,020,葡超,lg-prime,,3.44,1.07,28.0,8.0,,,,,,,,,,,,,2.37,20.0,,,,,2-2,平,,4,2,2,,,no,no,no,
2026-08-10,021,葡超,lg-prime,,1.66,0.19,13.0,6.0,,,,,,,,,,,,,1.47,7.0,,,,,1-0（0-0）,主胜,平胜,1,1,0,0.0,0.0,ok,ok,ok,
2026-08-10,022,葡超,lg-prime,,0.22,1.32,7.0,13.0,,,,,,,,,,,,,-1.1,-6.0,,,,,2-2（1-1）,平,平平,4,2,2,1.0,1.0,ok,ok,ok,
2026-08-10,023,巴甲,lg-bras,,1.64,1.16,22.0,8.0,,,,,,,,,,,,,0.48,14.0,,,,,0-2,客胜,,2,0,2,,,ok,ok,ok,
2026-08-10,024,巴甲,lg-bras,,1.14,0.18,20.0,7.0,,,,,,,,,,,,,0.96,13.0,,,,,2-0,主胜,,2,2,0,,,ok,ok,ok,
2026-08-11,001,瑞超,lg-swe,,0.27,2.29,5.0,11.0,,,,,,,,,,,,,-2.02,-6.0,,,,,1-0（1-0）,主胜,胜胜,1,1,0,1.0,0.0,no,no,no,
2026-08-11,002,瑞超,lg-swe,,1.39,0.6,19.0,13.0,,,,,,,,,,,,,0.7899999999999999,6.0,,,,,2-2（2-2）,平,平平,4,2,2,2.0,2.0,no,no,ok,
2026-08-11,003,葡超,lg-prime,,1.74,1.23,19.0,10.0,,,,,,,,,,,,,0.51,9.0,,,,,2-2（2-2）,平,平平,4,2,2,2.0,2.0,ok,no,ok,
2026-08-11,004,亚冠,lg-k1,,,,,,,,,,,,,,,,,,,,,,,,0-0（0-0）,平,平平,0,0,0,0.0,0.0,ok,ok,ok,
2026-08-11,005,欧冠资格赛,lg-ucl,,1.34,1.04,21.0,9.0,,,,,,,,,,,,,0.30000000000000004,12.0,,,,,0-1（0-1）,客胜,负负,1,0,1,0.0,1.0,ok,ok,ok,
2026-08-14,001,日职联,lg-j1,2.6,0.83,1.66,13.0,17.0,,,,,,,,,,,,,-0.83,-4.0,,,,,1-3（1-1）,客胜,平负,4,1,3,1.0,1.0,ok,no,no,
2026-08-14,002,芬超,lg-fin,,,,8.0,9.0,4.0,4.0,7.0,4.0,,,,,,,,,,-1.0,0.0,3.0,,,1-3（0-2）,客胜,负负,4,1,3,0.0,2.0,no,no,no,
2026-08-14,003,德乙,lg-bundes2,,2.09,2.56,19.0,13.0,,,,,,,,,,,,,-0.4700000000000002,6.0,,,,,2-2（0-2）,平,负平,4,2,2,0.0,2.0,ok,no,no,
2026-08-14,004,德乙,lg-bundes2,,1.32,1.23,17.0,13.0,,,,,,,,,,,,,0.09000000000000008,4.0,,,,,0-1（0-1）,客胜,负负,1,0,1,0.0,1.0,no,no,no,
2026-08-14,005,沙特联,lg-spl,,1.62,1.14,15.0,13.0,,,,,,,,,,,,,0.4800000000000002,2.0,,,,,2-1（2-0）,主胜,胜胜,3,2,1,2.0,0.0,ok,ok,ok,
2026-08-14,006,瑞超,lg-swe,,2.29,0.51,15.0,7.0,,,,,,,,,,,,,1.78,8.0,,,,,3-0（1-0）,主胜,胜胜,3,3,0,1.0,0.0,ok,no,ok,
2026-08-14,007,挪超,lg-nor,,1.37,1.86,18.0,6.0,,,,,,,,,,,,,-0.49,12.0,,,,,2-1（1-0）,主胜,胜胜,3,2,1,1.0,0.0,ok,ok,ok,
2026-08-14,008,沙特联,lg-spl,,2.81,0.73,21.0,7.0,,,,,,,,,,,,,2.08,14.0,,,,,4-2（1-1）,主胜,平胜,6,4,2,1.0,1.0,ok,no,ok,
2026-08-14,009,沙特联,lg-spl,,,,14.0,7.0,5.0,5.0,,,,,,,,,,,,7.0,0.0,,,,4-2（3-0）,主胜,胜胜,6,4,2,3.0,0.0,ok,no,ok,
2026-08-14,010,荷甲,lg-ered,,,,5.0,13.0,1.0,9.0,,,,,,,,,,,,-8.0,-8.0,,,,1-3（0-1）,客胜,负负,4,1,3,0.0,1.0,no,no,no,
2026-08-14,011,荷乙,lg-eers,,,,16.0,13.0,5.0,5.0,,,,,,,,,,,,3.0,0.0,,,,2-2（0-1）,平,负平,4,2,2,0.0,1.0,ok,no,no,
2026-08-14,012,荷乙,lg-eers,,,,29.0,8.0,17.0,6.0,11.0,6.0,,,,,,,,,,21.0,11.0,5.0,,,3-2（1-0）,主胜,胜胜,5,3,2,1.0,0.0,ok,no,ok,
2026-08-14,013,法乙,lg-l2,,2.16,0.96,12.0,11.0,,,,,,,,,,,,,1.2000000000000002,1.0,,,,,2-0（1-0）,主胜,胜胜,2,2,0,1.0,0.0,no,no,no,
2026-08-14,014,法乙,lg-l2,,1.07,2.19,9.0,15.0,,,,,,,,,,,,,-1.1199999999999999,-6.0,,,,,3-3（1-1）,平,平平,6,3,3,1.0,1.0,ok,no,ok,
2026-08-14,015,法乙,lg-l2,,2.67,0.69,22.0,6.0,,,,,,,,,,,,,1.98,16.0,,,,,3-1（1-0）,主胜,胜胜,4,3,1,1.0,0.0,ok,no,ok,
2026-08-14,016,英冠,lg-champ,,,,11.0,6.0,2.0,4.0,,,,,,,,,,,,5.0,-2.0,,,,2-2（1-1）,平,平平,4,2,2,1.0,1.0,no,no,ok,
2026-08-14,017,葡超,lg-prime,,,,,,,,,,,,,,,,,,,,,,,,3-2（3-0）,主胜,胜胜,5,3,2,3.0,0.0,ok,no,ok,
2026-08-14,018,欧联资格赛,lg-uel,,,,,,,,,,,,,,,,,,,,,,,,1-1（1-0）,平,胜平,2,1,1,1.0,0.0,ok,no,no,
2026-08-14,019,欧联资格赛,lg-uel,,2.12,2.19,15.0,13.0,,,,,,,,,,,,,-0.06999999999999984,2.0,,,,,3-2（1-1）,主胜,平胜,5,3,2,1.0,1.0,ok,no,ok,
2026-08-14,020,欧联资格赛,lg-uel,,0.68,1.12,5.0,20.0,,,,,,,,,,,,,-0.44000000000000006,-15.0,,,,,1-1（0-0）,平,平平,2,1,1,0.0,0.0,ok,ok,ok,
2026-08-14,021,解放者杯,lg-bras,,0.74,1.87,13.0,14.0,,,,,,,,,,,,,-1.1300000000000001,-1.0,,,,,1-1（1-0）,平,胜平,2,1,1,1.0,0.0,no,ok,ok,
2026-08-15,001,日职联,lg-j1,,1.33,0.88,16.0,13.0,,,,,,,,,,,,,0.45000000000000007,3.0,,,,,2-1（1-0）,主胜,胜胜,3,2,1,1.0,0.0,ok,ok,ok,
2026-08-15,003,日职联,lg-j1,,0.15,3.09,3.0,26.0,,,,,,,,,,,,,-2.94,-23.0,,,,,1-4（1-2）,客胜,负负,5,1,4,1.0,2.0,ok,no,ok,
2026-08-15,004,日职联,lg-j1,,1.69,1.44,11.0,17.0,,,,,,,,,,,,,0.25,-6.0,,,,,2-2（1-1）,平,平平,4,2,2,1.0,1.0,ok,ok,ok,
2026-08-15,005,韩职,lg-k1,,,,5.0,5.0,3.0,3.0,1.0,6.0,,,,,,,,,,0.0,0.0,-5.0,,,4-2（0-1）,主胜,负胜,6,4,2,0.0,1.0,ok,no,no,
2026-08-15,006,韩职,lg-k1,,,,5.0,3.0,3.0,1.0,4.0,1.0,,,,,,,,,,2.0,2.0,3.0,,,1-2（0-1）,客胜,负负,3,1,2,0.0,1.0,ok,ok,ok,
2026-08-15,008,英冠,lg-champ,,1.1,1.43,15.0,10.0,6.0,3.0,,,,,,,,,,,-0.32999999999999985,5.0,3.0,,,,2-1（2-0）,主胜,胜胜,3,2,1,2.0,0.0,ok,ok,no,
2026-08-15,009,瑞超,lg-swe,,1.22,2.54,14.0,18.0,,,,,,,,,,,,,-1.32,-4.0,,,,,4-3（0-3）,主胜,负胜,7,4,3,0.0,3.0,no,no,no,
2026-08-15,010,英冠,lg-champ,,2.72,1.45,20.0,8.0,,,,,,,,,,,,,1.2700000000000002,12.0,,,,,1-2（0-0）,客胜,平负,3,1,2,0.0,0.0,no,no,no,
2026-08-15,011,挪超,lg-nor,,0.92,2.8,9.0,15.0,,,,,,,,,,,,,-1.88,-6.0,,,,,1-1（0-0）,平,平平,2,1,1,0.0,0.0,ok,ok,ok,
2026-08-15,014,芬超,lg-fin,,,,12.0,8.0,5.0,3.0,,,,,,,,,,,,4.0,2.0,,,,2-0（1-0）,主胜,胜胜,2,2,0,1.0,0.0,no,no,no,
2026-08-15,016,英冠,lg-champ,,0.36,0.65,3.0,10.0,1.0,2.0,2.0,8.0,,,,,,,,,-0.29000000000000004,-7.0,-1.0,-6.0,,,0-0（0-0）,平,平平,0,0,0,0.0,0.0,no,no,no,
2026-08-15,019,西甲,lg-laliga,,1.83,0.24,18.0,6.0,11.0,4.0,,,,,,,,,,,1.59,12.0,7.0,,,,3-0（0-0）,主胜,平胜,3,3,0,0.0,0.0,no,no,no,
2026-08-15,024,西甲,lg-laliga,,2.3,2.0,13.0,6.0,7.0,3.0,,,,,,,,,,,0.2999999999999998,7.0,4.0,,,,2-1（0-1）,主胜,负胜,3,2,1,0.0,1.0,no,no,no,
2026-08-15,026,巴甲,lg-bras,,2.8,1.76,17.0,16.0,9.0,10.0,,,,,,,,,,,1.0399999999999998,1.0,-1.0,,,,3-2（1-1）,主胜,平胜,5,3,2,1.0,1.0,no,no,no,
2026-08-16,003,韩职,lg-k1,,,,12.0,18.0,5.0,5.0,4.0,10.0,,,,,,,,,,-6.0,0.0,-6.0,,,3-2（2-0）,主胜,胜胜,5,3,2,2.0,0.0,no,no,no,
2026-08-16,004,韩职,lg-k1,,,,4.0,5.0,2.0,3.0,1.0,2.0,,,,,,,,,,-1.0,-1.0,-1.0,,,1-1（0-0）,平,平平,2,1,1,0.0,0.0,ok,no,ok,
2026-08-16,005,瑞超,lg-swe,,,,19.0,11.0,4.0,4.0,8.0,7.0,,,,,,,2.0,,,8.0,0.0,1.0,,,3-1（1-0）,主胜,胜胜,4,3,1,1.0,0.0,ok,no,ok,
2026-08-16,006,瑞超,lg-swe,,,,10.0,14.0,6.0,2.0,2.0,14.0,,,,,,,3.0,,,-4.0,4.0,-12.0,,,3-0（3-0）,主胜,胜胜,3,3,0,3.0,0.0,no,no,no,
2026-08-16,007,瑞超,lg-swe,,,,16.0,11.0,3.0,4.0,5.0,1.0,,,,,,,,,,5.0,-1.0,4.0,,,1-3（0-3）,客胜,负负,4,1,3,0.0,3.0,no,no,no,
2026-08-16,010,挪超,lg-nor,,2.11,3.19,24.0,22.0,8.0,10.0,10.0,5.0,,,,,,,,,-1.08,2.0,-2.0,5.0,,,5-5（4-2）,平,胜平,10,5,5,4.0,2.0,ok,no,no,
2026-08-16,011,英社区盾,lg-eng,,2.19,0.77,9.0,12.0,5.0,5.0,,,,,,,,,,,1.42,-3.0,0.0,,,,3-0（2-0）,主胜,胜胜,3,3,0,2.0,0.0,no,no,no,
2026-08-16,012,芬超,lg-fin,,,,10.0,11.0,3.0,3.0,3.0,2.0,,,,,,,0.0,,,-1.0,0.0,1.0,,,2-3（2-0）,客胜,胜负,5,2,3,2.0,0.0,ok,no,no,
2026-08-16,014,瑞超,lg-swe,,0.17,2.1,4.0,25.0,2.0,13.0,4.0,9.0,,,,,,,,,-1.9300000000000002,-21.0,-11.0,-5.0,,,0-4（0-1）,客胜,负负,4,0,4,0.0,1.0,no,no,no,
2026-08-16,015,瑞超,lg-swe,,0.71,0.27,12.0,5.0,5.0,1.0,8.0,3.0,,,,,,,,,0.43999999999999995,7.0,4.0,5.0,,,0-1（0-0）,客胜,平负,1,0,1,0.0,0.0,no,no,ok,
2026-08-16,017,英冠,lg-champ,,2.1,1.3,18.0,11.0,5.0,2.0,,,,,,,,,,,0.8,7.0,3.0,,,,2-2（0-1）,平,负平,4,2,2,0.0,1.0,ok,no,no,
2026-08-16,018,西甲,lg-laliga,,2.01,0.87,17.0,12.0,3.0,7.0,,,,,,,,,,,1.1399999999999997,5.0,-4.0,,,,2-2（2-2）,平,平平,4,2,2,2.0,2.0,no,no,no,
2026-08-16,019,挪超,lg-nor,,2.54,0.6,14.0,8.0,5.0,3.0,,,,,,,,,,,1.94,6.0,2.0,,,,3-2（1-0）,主胜,胜胜,5,3,2,1.0,0.0,no,no,no,
2026-08-16,020,挪超,lg-nor,,2.15,0.24,28.0,4.0,12.0,0.0,,,,,,,,,,,1.91,24.0,12.0,,,,3-0（1-0）,主胜,胜胜,3,3,0,1.0,0.0,ok,no,ok,
2026-08-16,021,挪超,lg-nor,,2.33,1.78,18.0,17.0,6.0,7.0,,,,,,,,,,,0.55,1.0,-1.0,,,,1-2（1-1）,客胜,平负,3,1,2,1.0,1.0,no,ok,ok,
2026-08-16,022,西甲,lg-laliga,,1.33,0.22,14.0,3.0,6.0,0.0,,,,,,,31.0,,,,1.11,11.0,6.0,,,,3-0（2-0）,主胜,胜胜,3,3,0,2.0,0.0,ok,no,ok,
2026-08-16,024,挪超,lg-nor,,,,,,,,,,,,,,,,,0.286,,,,,,,1-0（1-0）,主胜,胜胜,1,1,0,1.0,0.0,ok,ok,ok,
2026-08-16,025,巴甲,lg-bras,,1.04,1.91,19.0,11.0,3.0,5.0,,,,,,,31.0,,,,-0.8699999999999999,8.0,-2.0,,,,0-3（0-0）,客胜,平负,3,0,3,0.0,0.0,ok,no,no,
2026-08-17,001,芬超,lg-fin,,,,25.0,7.0,7.0,4.0,8.0,3.0,,,,,,,,,,18.0,3.0,5.0,,,3-2（2-2）,主胜,平胜,5,3,2,2.0,2.0,ok,no,no,
2026-08-17,002,瑞超,lg-swe,,2.42,0.51,25.0,11.0,7.0,3.0,11.0,1.0,,,,,18.0,,9.0,,1.91,14.0,4.0,10.0,,,1-0（1-0）,主胜,胜胜,1,1,0,1.0,0.0,ok,ok,ok,
2026-08-17,003,英冠,lg-champ,,,,11.0,18.0,3.0,8.0,9.0,9.0,,,,,,,,,,-7.0,-5.0,0.0,,,1-1（0-1）,平,负平,2,1,1,0.0,1.0,ok,no,no,
2026-08-17,004,西甲,lg-laliga,,,,8.0,11.0,3.0,6.0,2.0,6.0,,,,,,,,,,-3.0,-3.0,-4.0,,,1-1（1-0）,平,胜平,2,1,1,1.0,0.0,ok,no,no,
2026-08-17,006,巴甲,lg-bras,,,,,,,,,,,,,,,,,,,,,,,,1-1（1-0）,平,胜平,2,1,1,1.0,0.0,ok,ok,no,
2026-08-17,005,葡超,lg-prime,,,,2.0,20.0,0.0,8.0,1.0,3.0,,,,,27.0,,,,,-18.0,-8.0,-2.0,,,0-7（0-2）,客胜,负负,7,0,7,0.0,2.0,ok,no,ok,
2026-08-18,001,解放者杯,lg-bras,2.15,1.52,0.98,13.0,10.0,3.0,4.0,,,,,,,18.0,,,,0.54,3.0,-1.0,,,,1-1（0-0）,平,平平,2,1,1,0.0,0.0,ok,ok,ok,
2026-08-18,002,欧冠,lg-ucl,2.6,0.9,0.84,15.0,12.0,3.0,1.0,,,,,,,,,,,0.06000000000000005,3.0,2.0,,,,0-0（0-0）,平,平平,0,0,0,0.0,0.0,ok,no,ok,
2026-08-18,003,欧冠,lg-ucl,4.4,2.46,0.76,23.0,6.0,4.0,3.0,,,,,,,,,,,1.7,17.0,1.0,,,,2-2（2-2）,平,平平,4,2,2,2.0,2.0,ok,no,ok,
2026-08-18,004,欧冠,lg-ucl,1.7,0.42,0.73,12.0,12.0,5.0,5.0,,,,,,,30.0,,,,-0.31,0.0,0.0,,,,1-1（0-1）,平,负平,2,1,1,0.0,1.0,ok,ok,no,
2026-08-19,001,韩国杯,lg-k1,,,,,,,,,,,,,,23.0,,,,,,,,,,2-1（0-1）,主胜,负胜,3,2,1,0.0,1.0,no,no,no,
2026-08-19,002,西甲,lg-laliga,2.5,0.82,0.15,15.0,5.0,6.0,1.0,6.0,1.0,,,,,30.0,,,0.358,0.6699999999999999,10.0,5.0,5.0,,,2-0（0-0）,主胜,平胜,2,2,0,0.0,0.0,ok,ok,ok,
2026-08-19,003,解放者杯,lg-bras,2.1,0.56,0.98,10.0,13.0,3.0,3.0,7.0,6.0,,,,,5.0,66.0,,,-0.41999999999999993,-3.0,0.0,1.0,,,0-1（0-1）,客胜,负负,1,0,1,0.0,1.0,no,no,no,
2026-08-19,006,欧冠,lg-ucl,3.0,0.87,1.75,17.0,20.0,7.0,8.0,8.0,3.0,,,,,15.0,86.0,,,-0.88,-3.0,-1.0,5.0,,,3-0（2-0）,主胜,胜胜,3,3,0,2.0,0.0,ok,no,ok,
2026-08-19,007,欧冠,lg-ucl,2.9,2.14,1.62,22.0,8.0,6.0,4.0,7.0,2.0,,,,,17.0,54.0,,,0.52,14.0,2.0,5.0,,,1-3（0-2）,客胜,负负,4,1,3,0.0,2.0,ok,no,ok,
2026-08-19,008,欧冠,lg-ucl,3.1,1.32,0.31,14.0,8.0,2.0,4.0,4.0,0.0,,,,,26.0,,,,1.01,6.0,-2.0,4.0,,,1-1（1-1）,平,平平,2,1,1,1.0,1.0,ok,ok,ok,
2026-08-20,001,沙特联,lg-spl,2.4000000000000004,,,8.0,25.0,3.0,11.0,1.0,5.0,,,,,8.0,,,,,-17.0,-8.0,-4.0,,,0-3（0-1）,客胜,负负,3,0,3,0.0,1.0,ok,ok,ok,
2026-08-20,002,西甲,lg-laliga,2.3,0.43,1.92,8.0,15.0,3.0,3.0,9.0,7.0,,,,,2.0,,,,-1.49,-7.0,0.0,2.0,,,1-1（0-0）,平,平平,2,1,1,0.0,0.0,ok,ok,ok,
2026-08-20,003,解放者杯,lg-bras,1.9000000000000001,,,,,,,,,,,,,23.0,,,,,,,,,,1-0（0-0）,主胜,平胜,1,1,0,0.0,0.0,ok,ok,ok,
2026-08-20,004,欧联资格赛,lg-uel,2.2,,,4.0,6.0,2.0,4.0,2.0,8.0,,,,,6.0,,,,,-2.0,-2.0,-6.0,,,0-3（0-3）,客胜,负负,3,0,3,0.0,3.0,no,no,no,
2026-08-20,005,欧联资格赛,lg-uel,2.7,1.24,2.55,10.0,24.0,1.0,8.0,2.0,6.0,,,,,5.0,,,,-1.3099999999999998,-14.0,-7.0,-4.0,,,0-1（0-0）,客胜,平负,1,0,1,0.0,0.0,ok,no,no,
2026-08-20,006,欧联资格赛,lg-uel,2.6,1.33,1.0,24.0,11.0,3.0,4.0,7.0,5.0,,,,,4.0,,,,0.33000000000000007,13.0,-1.0,2.0,,,0-1（0-1）,客胜,负负,1,0,1,0.0,1.0,no,no,no,
2026-08-20,007,欧联资格赛,lg-uel,2.4000000000000004,2.75,0.57,19.0,9.0,11.0,4.0,5.0,3.0,,,,,8.0,,,,2.18,10.0,7.0,2.0,,,7-0（5-0）,主胜,胜胜,7,7,0,5.0,0.0,ok,no,ok,
2026-08-20,008,欧联资格赛,lg-uel,2.3,1.62,0.41,12.0,6.0,7.0,5.0,1.0,2.0,,,,,1.0,,,,1.2100000000000002,6.0,2.0,-1.0,,,3-0（1-0）,主胜,胜胜,3,3,0,1.0,0.0,ok,no,ok,
2026-08-20,009,欧联资格赛,lg-uel,3.0,4.64,0.49,32.0,3.0,13.0,1.0,11.0,1.0,,,,,4.0,,,,4.1499999999999995,29.0,12.0,10.0,,,3-1（2-1）,主胜,胜胜,4,3,1,2.0,1.0,ok,ok,ok,
2026-08-21,001,日职联,lg-j1,2.3,2.1,0.82,12.0,4.0,5.0,4.0,8.0,2.0,,,,,28.0,,,0.5,1.2800000000000002,8.0,1.0,6.0,,,4-2（1-0）,主胜,胜胜,6,4,2,1.0,0.0,ok,no,ok,
2026-08-21,002,日职联,lg-j1,2.0,2.84,0.63,22.0,7.0,5.0,1.0,5.0,1.0,,,,,28.0,,,,2.21,15.0,4.0,4.0,,,2-0（0-0）,主胜,平胜,2,2,0,0.0,0.0,ok,no,ok,
2026-08-21,003,沙特联,lg-spl,2.6,0.42,1.6,11.0,16.0,1.0,5.0,1.0,8.0,,,,,39.0,,,-0.833,-1.1800000000000002,-5.0,-4.0,-7.0,,,0-4（0-1）,客胜,负负,4,0,4,0.0,1.0,ok,no,ok,
2026-08-21,004,芬超,lg-fin,2.1,,,16.0,15.0,7.0,4.0,,,,,,,19.0,,4.0,,,1.0,3.0,,,,1-2（0-0）,客胜,平负,3,1,2,0.0,0.0,no,no,no,
2026-08-21,005,瑞超,lg-swe,2.8,,,,,,,,,,,,,18.0,,,-0.238,,,,,,,0-3（0-1）,客胜,负负,3,0,3,0.0,1.0,no,no,no,
2026-08-21,006,沙特联,lg-spl,2.4,,,,,,,,,,,,,34.0,,,,,,,,,,0-1（0-1）,客胜,负负,1,0,1,0.0,1.0,no,no,no,
2026-08-21,009,法甲,lg-ligue1,2.2,,,,,,,,,,,,,26.0,,2.0,0.2,,,,,,,4-0（0-0）,主胜,平胜,4,4,0,0.0,0.0,ok,no,ok,
2026-08-21,010,英超,lg-eng,2.8000000000000003,,,,,,,,,,,,,18.0,,,,,,,,,,3-0（2-0）,主胜,胜胜,3,3,0,2.0,0.0,ok,ok,ok,
2026-08-21,011,西甲,lg-laliga,2.2,,,,,,,,,,,,,27.0,,,,,,,,,,1-0（0-0）,主胜,平胜,1,1,0,0.0,0.0,ok,ok,ok,
2026-08-22,001,日职联,lg-j1,2.8,1.12,1.33,11.0,20.0,4.0,7.0,2.0,8.0,,,,,26.0,,,0.286,-0.20999999999999996,-9.0,-3.0,-6.0,,,3-2（1-1）,主胜,平胜,5,3,2,1.0,1.0,ok,no,ok,
2026-08-22,003,日职联,lg-j1,2.2,1.15,1.65,13.0,10.0,,,,,,,,,29.0,,,0.2,-0.5,3.0,,,,,1-0（0-0）,主胜,平胜,1,1,0,0.0,0.0,ok,ok,ok,
2026-08-22,005,韩职,lg-k1,2.2,,,11.0,6.0,6.0,0.0,1.0,4.0,,,,,29.0,,,,,5.0,6.0,-3.0,,,1-0（0-0）,主胜,平胜,1,1,0,0.0,0.0,ok,ok,ok,
2026-08-22,006,韩职,lg-k1,2.3,,,5.0,17.0,2.0,11.0,1.0,4.0,,,,,27.0,,,0.0,,-12.0,-9.0,-3.0,,,0-7（0-5）,客胜,负负,7,0,7,0.0,5.0,ok,no,ok,
2026-08-22,007,英超,lg-eng,2.5,1.26,1.81,8.0,21.0,4.0,5.0,,,,,,,17.0,,,0.5,-0.55,-13.0,-1.0,,,,2-0（2-0）,主胜,胜胜,2,2,0,2.0,0.0,no,no,no,
2026-08-22,010,英超,lg-eng,2.5,1.16,2.04,16.0,11.0,5.0,4.0,,,,,,,18.0,,,0.31,-0.8800000000000001,5.0,1.0,,,,2-0（1-0）,主胜,胜胜,2,2,0,1.0,0.0,ok,no,ok,
2026-08-22,011,英超,lg-eng,2.6,0.65,0.49,12.0,11.0,2.0,3.0,,,,,,,20.0,,,,0.16000000000000003,1.0,-1.0,,,,0-1（0-0）,客胜,平负,1,0,1,0.0,0.0,no,ok,no,
2026-08-22,012,英超,lg-eng,2.5,1.74,0.76,10.0,11.0,3.0,4.0,,,,,,,5.0,,,,0.98,-1.0,-1.0,,,,2-1（1-1）,主胜,平胜,3,2,1,1.0,1.0,no,no,no,
2026-08-22,016,西甲,lg-laliga,2.5,1.25,0.41,18.0,7.0,8.0,4.0,,,,,,,5.0,,,,0.8400000000000001,11.0,4.0,,,,1-3（0-1）,客胜,负负,4,1,3,0.0,1.0,no,no,no,
2026-08-22,017,法甲,lg-ligue1,2.3,4.45,1.79,12.0,10.0,9.0,4.0,,,,,,,19.0,,,0.647,2.66,2.0,5.0,,,,5-2（1-0）,主胜,胜胜,7,5,2,1.0,0.0,ok,no,ok,
2026-08-22,018,英超,lg-eng,2.5999999999999996,3.96,0.47,26.0,9.0,8.0,4.0,,,,,,,21.0,,,0.455,3.49,17.0,4.0,,,,3-0（2-0）,主胜,胜胜,3,3,0,2.0,0.0,ok,no,ok,
2026-08-22,019,意甲,lg-sa,2.1,1.98,1.54,16.0,20.0,3.0,6.0,,,,,,,26.0,,,,0.43999999999999995,-4.0,-3.0,,,,1-1（1-0）,平,胜平,2,1,1,1.0,0.0,ok,ok,no,
2026-08-22,020,意甲,lg-sa,1.9,1.16,1.09,13.0,7.0,5.0,3.0,,,,,,,29.0,,,,0.06999999999999984,6.0,2.0,,,,4-1（1-1）,主胜,平胜,5,4,1,1.0,1.0,ok,no,ok,
2026-08-22,021,西甲,lg-laliga,2.4000000000000004,0.58,0.66,8.0,7.0,2.0,3.0,,,,,,,27.0,,,0.613,-0.08000000000000007,1.0,-1.0,,,,0-0（0-0）,平,平平,0,0,0,0.0,0.0,ok,no,ok,
2026-08-22,022,德超杯,lg-bundes,2.7,1.59,1.84,8.0,21.0,3.0,10.0,,,,,,,18.0,,,0.271,-0.25,-13.0,-7.0,,,,1-2（0-2）,客胜,负负,3,1,2,0.0,2.0,ok,ok,ok,
2026-08-22,023,意甲,lg-sa,2.1,0.65,0.75,11.0,13.0,2.0,4.0,,,,,,,26.0,,,0.613,-0.09999999999999998,-2.0,-2.0,,,,0-2（0-0）,客胜,平负,2,0,2,0.0,0.0,ok,ok,ok,
2026-08-22,024,意甲,lg-sa,2.2,0.89,1.0,12.0,14.0,2.0,5.0,,,,,,,27.0,,,0.16,-0.10999999999999999,-2.0,-3.0,,,,0-1（0-0）,客胜,平负,1,0,1,0.0,0.0,ok,ok,ok,
2026-08-22,025,法甲,lg-ligue1,2.2,1.08,1.24,14.0,10.0,1.0,2.0,,,,,,,27.0,,,0.154,-0.15999999999999992,4.0,-1.0,,,,0-0（0-0）,平,平平,0,0,0,0.0,0.0,ok,ok,ok,
2026-08-22,026,法甲,lg-ligue1,2.3,2.58,0.65,17.0,11.0,2.0,3.0,,,,,,,27.0,,,0.414,1.9300000000000002,6.0,-1.0,,,,0-2（0-0）,客胜,平负,2,0,2,0.0,0.0,ok,ok,ok,
2026-08-22,027,西甲,lg-laliga,2.6,1.12,2.92,8.0,21.0,3.0,8.0,,,,,,,26.0,,,,-1.7999999999999998,-13.0,-5.0,,,,1-2（1-1）,客胜,平负,3,1,2,1.0,1.0,ok,no,ok,
2026-08-23,021,西甲,lg-laliga,2.25,1.02,0.55,10.0,7.0,4.0,2.0,5.0,3.0,,,,,32.0,,,,0.47,3.0,2.0,2.0,,,1-0（0-0）,主胜,平胜,1,1,0,0.0,0.0,no,no,no,
2026-08-23,022,意甲,lg-sa,2.45,1.15,1.48,12.0,11.0,4.0,5.0,8.0,4.0,,,,,25.0,,,,-0.33000000000000007,1.0,-1.0,4.0,,,1-2（0-0）,客胜,平负,3,1,2,0.0,0.0,no,no,no,
2026-08-23,023,意甲,lg-sa,1.95,2.05,0.89,17.0,9.0,7.0,3.0,7.0,2.0,,,,,24.0,,,,1.1599999999999997,8.0,4.0,5.0,,,2-1（1-0）,主胜,胜胜,3,2,1,1.0,0.0,no,no,no,
2026-08-23,024,西甲,lg-laliga,2.9,0.15,3.42,3.0,19.0,0.0,9.0,1.0,9.0,,,,,5.0,,,,-3.27,-16.0,-9.0,-8.0,,,0-5（0-2）,客胜,负负,5,0,5,0.0,2.0,ok,no,ok,
2026-08-23,001,荷甲,lg-ered,2.5,1.01,0.99,11.0,16.0,5.0,3.0,5.0,3.0,,,,,17.0,,,,0.020000000000000018,-5.0,2.0,2.0,,,3-1（1-0）,主胜,胜胜,4,3,1,1.0,0.0,ok,ok,ok,
2026-08-23,002,日职联,lg-j1,3.5,1.15,2.37,13.0,22.0,7.0,3.0,1.0,3.0,,,,,27.0,63.0,,,-1.2200000000000002,-9.0,4.0,-2.0,,,3-1（1-1）,主胜,平胜,4,3,1,1.0,1.0,ok,ok,ok,
2026-08-23,003,韩职,lg-k1,2.35,,,9.0,4.0,3.0,2.0,2.0,0.0,,,,,31.0,,,,,5.0,1.0,2.0,,,3-0（0-0）,主胜,平胜,3,3,0,0.0,0.0,no,no,no,
2026-08-23,005,德国杯,lg-dfb,2.6500000000000004,1.6,0.43,22.0,6.0,4.0,3.0,11.0,1.0,,,,,20.0,,,,1.1700000000000002,16.0,1.0,10.0,,,1-2（0-1）,客胜,负负,3,1,2,0.0,1.0,ok,ok,ok,
2026-08-23,009,英超,lg-eng,2.5,2.36,0.63,13.0,5.0,6.0,4.0,8.0,3.0,,,,,5.0,,,,1.73,8.0,2.0,5.0,,,2-1（0-1）,主胜,负胜,3,2,1,0.0,1.0,ok,ok,no,
2026-08-23,010,法甲,lg-ligue1,2.35,1.99,1.24,20.0,11.0,2.0,8.0,8.0,3.0,,,,,26.0,,10.0,,0.75,9.0,-6.0,5.0,,,0-2（0-2）,客胜,负负,2,0,2,0.0,2.0,ok,ok,ok,
2026-08-23,011,德国杯,lg-dfb,2.85,0.74,2.24,16.0,17.0,6.0,10.0,7.0,9.0,,,,,18.0,,,,-1.5000000000000002,-1.0,-4.0,-2.0,,,2-4（1-1）,客胜,平负,6,2,4,1.0,1.0,ok,no,ok,
2026-08-23,015,西甲,lg-laliga,2.6,0.71,3.6,19.0,13.0,4.0,6.0,5.0,3.0,,,,,5.0,,4.0,,-2.89,6.0,-2.0,2.0,,,2-2（0-0）,平,平平,4,2,2,0.0,0.0,ok,no,ok,
2026-08-23,016,法甲,lg-ligue1,2.15,0.6,1.39,14.0,15.0,4.0,7.0,7.0,4.0,,,,,23.0,,,,-0.7899999999999999,-1.0,-3.0,3.0,,,0-1（0-1）,客胜,负负,1,0,1,0.0,1.0,ok,ok,ok,
2026-08-23,017,英超,lg-eng,2.8,1.42,2.71,13.0,27.0,4.0,7.0,2.0,6.0,,,,,4.0,,,,-1.29,-14.0,-3.0,-4.0,,,2-2（1-0）,平,胜平,4,2,2,1.0,0.0,no,no,no,
2026-08-23,019,意甲,lg-sa,2.5999999999999996,2.1,2.21,19.0,12.0,7.0,5.0,5.0,3.0,,,,,27.0,,,,-0.10999999999999988,7.0,2.0,2.0,,,0-2（0-0）,客胜,平负,2,0,2,0.0,0.0,no,no,no,
2026-08-23,018,意甲,lg-sa,2.7,0.45,1.99,11.0,20.0,2.0,5.0,3.0,12.0,,,,,32.0,,,,-1.54,-9.0,-3.0,-9.0,,,0-1（0-1）,客胜,负负,1,0,1,0.0,1.0,ok,no,ok,
2026-08-24,001,意甲,lg-sa,2.4,1.78,0.63,14.0,10.0,5.0,3.0,7.0,3.0,,,,,3.0,,1.0,,1.15,4.0,2.0,4.0,,,0-1（0-0）,客胜,平负,1,0,1,0.0,0.0,no,no,no,
2026-08-24,002,沙特联,lg-spl,2.75,1.26,2.09,16.0,9.0,5.0,3.0,8.0,5.0,,,,,1.0,,,,-0.8299999999999998,7.0,2.0,3.0,,,0-2（0-1）,客胜,负负,2,0,2,0.0,1.0,ok,no,ok,
2026-08-24,004,西甲,lg-laliga,2.25,0.7,1.28,12.0,11.0,7.0,1.0,4.0,5.0,,,,,1.0,15.0,,,-0.5800000000000001,1.0,6.0,-1.0,,,0-0（0-0）,平,平平,0,0,0,0.0,0.0,ok,no,ok,
2026-08-24,005,沙特联,lg-spl,2.75,3.9,0.79,15.0,8.0,6.0,2.0,6.0,4.0,,,,,0.0,,,,3.11,7.0,4.0,2.0,,,3-2（2-1）,主胜,胜胜,5,3,2,2.0,1.0,ok,no,ok,
2026-08-24,006,意甲,lg-sa,2.6500000000000004,3.07,0.35,17.0,9.0,8.0,4.0,7.0,2.0,,,,,0.0,,,,2.7199999999999998,8.0,4.0,5.0,,,4-0（1-0）,主胜,胜胜,4,4,0,1.0,0.0,ok,no,ok,
2026-08-24,008,英超,lg-eng,2.65,1.33,2.24,14.0,18.0,6.0,6.0,6.0,8.0,,,,,19.0,,,,-0.9100000000000001,-4.0,0.0,-2.0,,,2-3（1-2）,客胜,负负,5,2,3,1.0,2.0,ok,no,ok,
2026-08-24,010,西甲,lg-laliga,2.3499999999999996,1.97,1.11,13.0,6.0,2.0,4.0,7.0,2.0,,,,,28.0,,2.0,,0.8599999999999999,7.0,-2.0,5.0,,,1-1（1-1）,平,平平,2,1,1,1.0,1.0,ok,ok,ok,
2026-08-24,011,巴甲,lg-bras,2.3,2.21,0.83,32.0,7.0,8.0,6.0,13.0,2.0,,,,,20.0,,8.0,,1.38,25.0,2.0,11.0,,,2-3（0-2）,客胜,负负,5,2,3,0.0,2.0,ok,no,ok,
2026-08-25,001,韩职,lg-k1,1.8,,,3.0,2.0,0.0,2.0,12.0,4.0,,,,,29.0,,,,,1.0,-2.0,8.0,,,0-0（0-0）,平,平平,0,0,0,0.0,0.0,ok,no,ok,
2026-08-25,002,韩职,lg-k1,2.6,,,9.0,9.0,2.0,4.0,4.0,3.0,,,,,28.0,,,,,0.0,-2.0,1.0,,,1-2（0-1）,客胜,负负,3,1,2,0.0,1.0,no,no,no,
2026-08-25,003,沙特联,lg-spl,3.5,0.38,1.81,4.0,9.0,2.0,6.0,1.0,2.0,,,,,4.0,,,,-1.4300000000000002,-5.0,-4.0,-1.0,,,2-3（2-0）,客胜,胜负,5,2,3,2.0,0.0,ok,no,ok,
2026-08-25,004,英联杯,lg-champ,1.9,0.09,1.33,4.0,8.0,2.0,2.0,,,,,,,21.0,,,,-1.24,-4.0,0.0,,,,1-1（1-1）,平,平平,2,1,1,1.0,1.0,ok,ok,ok,
2026-08-25,005,欧联资格赛,lg-uel,3.4,,,,,,,,,,,,,19.0,,,,,,,,,,4-1（1-1）,主胜,平胜,5,4,1,1.0,1.0,no,no,no,
2026-08-25,006,欧冠资格赛,lg-ucl,3.55,0.52,0.15,9.0,3.0,2.0,2.0,,,,,,,12.0,,,,0.37,6.0,0.0,,,,3-0（2-0）,主胜,胜胜,3,3,0,2.0,0.0,ok,no,ok,
2026-08-25,007,英联杯,lg-champ,1.95,0.45,1.11,4.0,7.0,2.0,3.0,,,,,,,8.0,,,,-0.6600000000000001,-3.0,-1.0,,,,0-2（0-0）,客胜,平负,2,0,2,0.0,0.0,ok,no,ok,
2026-08-25,008,英联杯,lg-champ,3.1,0.19,1.36,4.0,10.0,1.0,3.0,,,,,,,9.0,,,,-1.1700000000000002,-6.0,-2.0,,,,1-6（1-3）,客胜,负负,7,1,6,1.0,3.0,ok,no,ok,
2026-08-25,009,西甲,lg-laliga,2.0,0.91,0.52,11.0,7.0,1.0,3.0,,,,,,,9.0,,,,0.39,4.0,-2.0,,,,0-1（0-0）,客胜,平负,1,0,1,0.0,0.0,ok,ok,ok,
2026-08-26,001,韩职,lg-k1,,,,,,,,,,,,,,5.0,,,,,,,,,,2-1（0-0）,主胜,平胜,3,2,1,0.0,0.0,ok,ok,ok,
2026-08-26,002,韩职,lg-k1,,,,,,,,,,,,,,7.0,,,,,,,,,,2-1（1-1）,主胜,平胜,3,2,1,1.0,1.0,no,no,no,
2026-08-26,003,英联赛杯,lg-champ,,,,,,,,,,,,,,4.0,,,,,,,,,,5-1（2-0）,主胜,胜胜,6,5,1,2.0,0.0,ok,no,ok,
2026-08-26,004,英联赛杯,lg-champ,,,,,,,,,,,,,,0.0,,,0.118,,,,,,,3-2（1-1）,主胜,平胜,5,3,2,1.0,1.0,ok,no,ok,
2026-08-26,005,欧冠资格赛,lg-ucl,,,,,,,,,,,,,,8.0,,,,,,,,,,4-0（3-0）,主胜,胜胜,4,4,0,3.0,0.0,ok,no,ok,
2026-08-26,006,欧冠资格赛,lg-ucl,,,,,,,,,,,,,,1.0,,,,,,,,,,1-1（1-1）,平,平平,2,1,1,1.0,1.0,ok,ok,ok,
2026-08-26,007,欧冠资格赛,lg-ucl,,,,,,,,,,,,,,1.0,,,,,,,,,,3-1（1-1）,主胜,平胜,4,3,1,1.0,1.0,no,no,no,
2026-08-26,008,欧冠资格赛,lg-ucl,,,,,,,,,,,,,,6.0,,,,,,,,,,1-2（0-2）,客胜,负负,3,1,2,0.0,2.0,ok,ok,ok,
2026-08-26,009,英联赛杯,lg-champ,,,,,,,,,,,,,,,,,,,,,,,,0-4（0-1）,客胜,负负,4,0,4,0.0,1.0,ok,no,ok,
2026-08-26,010,西甲,lg-laliga,,,,,,,,,,,,,,7.0,,,,,,,,,,4-1（1-1）,主胜,平胜,5,4,1,1.0,1.0,ok,no,ok,
2026-08-27,001,欧罗巴,lg-uel,,,,,,,,,,,,,,27.0,,,,,,,,,,5-1（1-1）,主胜,平胜,6,5,1,1.0,1.0,no,no,no,
2026-08-27,002,欧罗巴,lg-uel,,,,,,,,,,,,,,30.0,,,,,,,,,,4-2（2-1）,主胜,胜胜,6,4,2,2.0,1.0,no,no,no,
2026-08-27,003,欧罗巴,lg-uel,,,,,,,,,,,,,,29.0,,0.0,,,,,,,,3-0（0-0）,主胜,平胜,3,3,0,0.0,0.0,ok,no,ok,
2026-08-27,004,欧罗巴,lg-uel,,,,,,,,,,,,,,20.0,,2.0,,,,,,,,1-3（0-1）,客胜,负负,4,1,3,0.0,1.0,ok,ok,ok,
2026-08-27,005,欧罗巴,lg-uel,2.5,,,,,,,,,,,,,28.0,,,0.333,,,,,,,4-0（1-0）,主胜,胜胜,4,4,0,1.0,0.0,ok,no,no,
2026-08-27,006,欧罗巴,lg-uel,,,,,,,,,,,,,,24.0,,0.0,,,,,,,,3-0（1-0）,主胜,胜胜,3,3,0,1.0,0.0,ok,no,no,
2026-08-27,007,西甲,lg-laliga,2.7,,,,,,,,,,,,,19.0,,,0.05,,,,,,,1-2（1-0）,客胜,胜负,3,1,2,1.0,0.0,no,no,no,
2026-08-27,008,西甲,lg-laliga,3.1,,,,,,,,,,,,,26.0,,2.0,0.49,,,,,,,2-0（1-0）,主胜,胜胜,2,2,0,1.0,0.0,ok,no,ok,
2026-08-27,009,巴西杯,lg-bras,,,,,,,,,,,,,,21.0,,,0.048,,,,,,,0-0（0-0）,平,平平,0,0,0,0.0,0.0,ok,ok,ok,
2026-08-28,003,西甲,lg-laliga,2.5,1.72,1.03,13.0,18.0,,,,,,,,,22.0,,,,0.69,-5.0,,,,,3-2（3-0）,主胜,胜胜,5,3,2,3.0,0.0,ok,no,ok,
2026-08-28,004,沙特联,lg-spl,,,,,,,,,,,,,,35.0,,2.0,,,,,,,,1-5（1-5）,客胜,负负,6,1,5,1.0,5.0,ok,no,ok,
2026-08-28,008,德甲,lg-bundes,,,,,,,,,,,,,,20.0,,3.0,,,,,,,,5-1（1-0）,主胜,胜胜,6,5,1,1.0,0.0,ok,no,ok,
2026-08-28,009,意甲,lg-sa,,,,,,,,,,,,,,25.0,,,,,,,,,,2-0（0-0）,主胜,平胜,2,2,0,0.0,0.0,ok,ok,ok,
2026-08-28,010,法甲,lg-ligue1,,,,,,,,,,,,,,19.0,,,,,,,,,,2-2（1-0）,平,胜平,4,2,2,1.0,0.0,ok,no,no,
2026-08-28,011,英超,lg-eng,,,,,,,,,,,,,,19.0,,3.0,,,,,,,,1-4（0-1）,客胜,负负,5,1,4,0.0,1.0,ok,no,ok,
2026-08-28,014,西甲,lg-laliga,,0.81,1.4,9.0,19.0,,,,,,,,,21.0,,,,-0.5899999999999999,-10.0,,,,,1-0（1-0）,主胜,胜胜,1,1,0,1.0,0.0,ok,ok,ok,
2026-08-29,001,日职联,lg-j1,2.6,1.23,2.1,14.0,18.0,4.0,3.0,,,,,,,20.0,,4.0,,-0.8700000000000001,-4.0,1.0,,,,1-1（1-1）,平,平平,2,1,1,1.0,1.0,no,no,ok,
2026-08-29,002,日职联,lg-j1,2.3,0.72,2.18,6.0,17.0,0.0,3.0,,,,,,,28.0,,,,-1.4600000000000002,-11.0,-3.0,,,,0-1（0-0）,客胜,平负,1,0,1,0.0,0.0,ok,ok,ok,
2026-08-29,004,韩职,lg-k1,2.0,,,3.0,3.0,3.0,1.0,5.0,12.0,,,,,29.0,,,,,0.0,2.0,-7.0,,,3-1（1-1）,主胜,平胜,4,3,1,1.0,1.0,ok,no,ok,
2026-08-29,006,英超,lg-eng,2.4,1.75,2.3,13.0,12.0,4.0,3.0,,,,,,,17.0,,,,-0.5499999999999998,1.0,1.0,,,,2-2（0-1）,平,负平,4,2,2,0.0,1.0,ok,no,no,
2026-08-29,009,德甲,lg-bundes,2.7,1.27,1.88,11.0,21.0,6.0,4.0,,,,,,,22.0,,,,-0.6099999999999999,-10.0,2.0,,,,3-2（2-0）,主胜,胜胜,5,3,2,2.0,0.0,no,no,no,
2026-08-29,010,德甲,lg-bundes,2.6,3.96,1.09,25.0,15.0,11.0,4.0,,,,,,,25.0,,,,2.87,10.0,7.0,,,,3-0（1-0）,主胜,胜胜,3,3,0,1.0,0.0,ok,no,ok,
2026-08-29,011,德甲,lg-bundes,2.5,1.84,1.47,19.0,12.0,10.0,3.0,,,,,,,25.0,,,,0.3700000000000001,7.0,7.0,,,,3-3（1-2）,平,负平,6,3,3,1.0,2.0,ok,no,no,
2026-08-29,012,德甲,lg-bundes,2.5,1.71,1.75,18.0,15.0,6.0,4.0,,,,,,,24.0,,,,-0.040000000000000036,3.0,2.0,,,,3-2（0-1）,主胜,负胜,5,3,2,0.0,1.0,ok,no,no,
2026-08-29,013,德甲,lg-bundes,2.2,1.23,0.73,21.0,10.0,4.0,0.0,11.0,2.0,,,,,25.0,,,1.0,0.5,11.0,4.0,9.0,,,0-0（0-0）,平,平平,0,0,0,0.0,0.0,no,no,no,
2026-08-29,014,英超,lg-eng,2.0,1.28,0.73,11.0,6.0,3.0,2.0,,,,,,,17.0,,,,0.55,5.0,1.0,,,,0-1（0-0）,客胜,平负,1,0,1,0.0,0.0,no,no,no,
2026-08-29,015,英超,lg-eng,2.4,2.16,1.84,17.0,13.0,5.0,7.0,10.0,7.0,,,,,20.0,,,,0.32000000000000006,4.0,-2.0,3.0,,,1-1（1-0）,平,胜平,2,1,1,1.0,0.0,ok,ok,no,
2026-08-29,016,西甲,lg-laliga,2.1,2.76,1.92,19.0,20.0,10.0,6.0,5.0,8.0,,,,,29.0,,10.0,,0.8399999999999999,-1.0,4.0,-3.0,,,5-2（2-2）,主胜,平胜,7,5,2,2.0,2.0,no,no,ok,
2026-08-29,017,法甲,lg-ligue1,2.6,1.66,2.89,16.0,17.0,7.0,7.0,,,,,,,25.0,,16.0,,-1.2300000000000002,-1.0,0.0,,,,2-1（0-1）,主胜,负胜,3,2,1,0.0,1.0,no,no,no,
2026-08-29,019,英超,lg-eng,2.4,1.04,0.75,17.0,11.0,6.0,2.0,,,,,,,19.0,,,,0.29000000000000004,6.0,4.0,,,,0-2（0-0）,客胜,平负,2,0,2,0.0,0.0,ok,no,ok,
2026-08-29,020,德甲,lg-bundes,2.7,1.41,0.8,20.0,8.0,6.0,3.0,,,,,,,22.0,,,,0.6099999999999999,12.0,3.0,,,,2-0（2-0）,主胜,胜胜,2,2,0,2.0,0.0,ok,ok,ok,
2026-08-29,021,意甲,lg-sa,2.1,1.65,0.89,15.0,12.0,5.0,5.0,,,,,,,29.0,,,,0.7599999999999999,3.0,0.0,,,,2-3（1-3）,客胜,负负,5,2,3,1.0,3.0,no,no,no,
2026-08-29,022,意甲,lg-sa,2.5,1.89,1.08,25.0,12.0,4.0,6.0,8.0,5.0,,,,,30.0,,,,0.8099999999999998,13.0,-2.0,3.0,,,0-3（0-2）,客胜,负负,3,0,3,0.0,2.0,no,no,no,
2026-08-29,023,意甲,lg-sa,2.1,1.85,1.26,19.0,10.0,7.0,4.0,,,,,,,31.0,,,,0.5900000000000001,9.0,3.0,,,,2-1（1-1）,主胜,平胜,3,2,1,1.0,1.0,no,no,no,
2026-08-29,025,西甲,lg-laliga,2.2,1.66,0.76,17.0,11.0,10.0,3.0,7.0,3.0,,,,,25.0,,,,0.8999999999999999,6.0,7.0,4.0,,,2-1（1-1）,主胜,平胜,3,2,1,1.0,1.0,ok,ok,ok,
2026-08-29,027,意甲,lg-sa,2.2,1.68,0.22,21.0,4.0,6.0,3.0,10.0,2.0,,,,,27.0,,,,1.46,17.0,3.0,8.0,,,2-0（0-0）,主胜,平胜,2,2,0,0.0,0.0,ok,ok,ok,
2026-08-29,028,西甲,lg-laliga,2.8,0.95,0.93,21.0,12.0,5.0,5.0,4.0,2.0,,,,,31.0,,2.0,0.25,0.019999999999999907,9.0,0.0,2.0,,,1-3（0-3）,客胜,负负,4,1,3,0.0,3.0,no,no,no,
2026-08-30,002,韩职,lg-k1,2.6,,,,,,,,,,,,,28.0,,,0.2,,,,,,,3-1（1-0）,主胜,胜胜,4,3,1,1.0,0.0,no,no,no,
2026-08-30,003,韩职,lg-k1,2.3,,,,,,,,,,,,,26.0,,,-0.255,,,,,,,1-1（0-0）,平,平平,2,1,1,0.0,0.0,ok,ok,ok,
2026-08-30,005,瑞超,lg-swe,3.2,,,,,,,,,,,,,20.0,,,0.037,,,,,,,3-2（1-2）,主胜,负胜,5,3,2,1.0,2.0,no,no,no,
2026-08-30,007,挪超,lg-nor,3.1,,,,,,,,,,,,,15.0,,,0.0,,,,,,,4-2（0-1）,主胜,负胜,6,4,2,0.0,1.0,ok,no,no,
2026-08-30,008,英超,lg-eng,2.3,,,,,,,,,,,,,21.0,,,-0.188,,,,,,,1-0（0-0）,主胜,平胜,1,1,0,0.0,0.0,no,no,no,
2026-08-30,009,英超,lg-eng,2.9,,,,,,,,,,,,,21.0,,,-0.111,,,,,,,1-1（0-1）,平,负平,2,1,1,0.0,1.0,ok,ok,no,
2026-08-30,010,法甲,lg-ligue1,2.0,,,,,,,,,,,,,23.0,,9.0,,,,,,,,3-0（1-0）,主胜,胜胜,3,3,0,1.0,0.0,ok,no,ok,
2026-08-30,011,德甲,lg-bundes,2.9,,,,,,,,,,,,,26.0,,,,,,,,,,4-1（2-0）,主胜,胜胜,5,4,1,2.0,0.0,ok,no,ok,
2026-08-30,013,西甲,lg-laliga,2.8,,,,,,,,,,,,,32.0,,14.0,0.722,,,,,,,4-0（3-0）,主胜,胜胜,4,4,0,3.0,0.0,ok,ok,ok,
2026-08-30,014,英超,lg-eng,2.3,,,,,,,,,,,,,19.0,,,,,,,,,,5-2（1-1）,主胜,平胜,7,5,2,1.0,1.0,ok,no,ok,
2026-08-30,015,德甲,lg-bundes,2.1,,,,,,,,,,,,,25.0,,,-0.28,,,,,,,3-0（1-0）,主胜,胜胜,3,3,0,1.0,0.0,ok,no,ok,
2026-08-30,016,意甲,lg-sa,2.1,1.35,1.03,13.0,21.0,2.0,6.0,2.0,7.0,,,,,31.0,,,0.0,0.32000000000000006,-8.0,-4.0,-5.0,,,1-2（1-2）,客胜,负负,3,1,2,1.0,2.0,no,no,no,
2026-08-30,017,西甲,lg-laliga,1.9,1.42,1.33,11.0,12.0,4.0,4.0,,,,,,,21.0,,,,0.08999999999999986,-1.0,0.0,,,,3-1（2-1）,主胜,胜胜,4,3,1,2.0,1.0,ok,no,ok,no
2026-08-30,019,意甲,lg-sa,2.5,1.55,0.58,15.0,8.0,2.0,1.0,,,,,,,29.0,,6.0,0.152,0.9700000000000001,7.0,1.0,,,,1-0（1-0）,主胜,胜胜,1,1,0,1.0,0.0,ok,no,ok,no
2026-08-30,020,意甲,lg-sa,2.8,0.45,3.91,10.0,31.0,0.0,7.0,,,,,,,29.0,,,,-3.46,-21.0,-7.0,,,,0-1（0-1）,客胜,负负,1,0,1,0.0,1.0,ok,no,ok,no
2026-08-30,021,法甲,lg-ligue1,2.7,1.72,1.4,11.0,13.0,5.0,2.0,,,,,,,26.0,,,0.194,0.32000000000000006,-2.0,3.0,,,,2-0（1-0）,主胜,胜胜,2,2,0,1.0,0.0,ok,no,ok,ok
2026-08-30,022,巴甲,lg-bras,2.7,1.71,0.79,18.0,14.0,6.0,4.0,,,,,,,26.0,,,0.275,0.9199999999999999,4.0,2.0,,,,3-0（1-0）,主胜,胜胜,3,3,0,1.0,0.0,ok,no,ok,ok
2026-08-30,023,西甲,lg-laliga,2.1,0.56,2.64,8.0,17.0,2.0,7.0,,,,,,,20.0,,4.0,-0.219,-2.08,-9.0,-5.0,,,,0-2（0-2）,客胜,负负,2,0,2,0.0,2.0,no,no,no,ok
2026-08-31,001,芬超,lg-fin,2.3,,,,,,,,,,,,,18.0,,20.0,-0.189,,,,,,,1-0（0-0）,主胜,平胜,1,1,0,0.0,0.0,no,no,no,
2026-08-31,002,芬超,lg-fin,2.3,,,,,,,,,,,,,18.0,,6.0,-0.231,,,,,,,1-1（0-0）,平,平平,2,1,1,0.0,0.0,ok,ok,ok,
2026-08-31,003,意甲,lg-sa,2.5,,,,,,,,,,,,,32.0,,,,,,,,,,0-4（0-3）,客胜,负负,4,0,4,0.0,3.0,ok,no,ok,
2026-08-31,004,瑞超,lg-swe,2.5,,,,,,,,,,,,,19.0,,13.0,,,,,,,,4-0（3-0）,主胜,胜胜,4,4,0,3.0,0.0,ok,no,ok,
2026-08-31,005,瑞超,lg-swe,3.1,,,,,,,,,,,,,19.0,,16.0,,,,,,,,0-1（0-1）,客胜,负负,1,0,1,0.0,1.0,no,no,no,
2026-08-31,006,西甲,lg-laliga,2.0,,,,,,,,,,,,,23.0,,4.0,-0.227,,,,,,,1-0（1-0）,主胜,胜胜,1,1,0,1.0,0.0,ok,ok,ok,
2026-08-31,007,意甲,lg-sa,2.8,,,,,,,,,,,,,26.0,,,,,,,,,,1-0（0-0）,主胜,平胜,1,1,0,0.0,0.0,ok,ok,ok,
2026-08-31,009,英超,lg-eng,2.7,,,,,,,,,,,,,17.0,,3.0,-0.357,,,,,,,0-1（0-0）,客胜,平负,1,0,1,0.0,0.0,ok,no,ok,
2026-08-31,010,葡超,lg-prime,3.0,,,,,,,,,,,,,21.0,,9.0,0.862,,,,,,,2-1（1-0）,主胜,胜胜,3,2,1,1.0,0.0,ok,ok,ok,
2026-08-31,012,西甲,lg-laliga,3.3,,,,,,,,,,,,,9.0,,12.0,0.609,,,,,,,5-2（2-1）,主胜,胜胜,7,5,2,2.0,1.0,ok,no,ok,
2026-09-01,001,沙特联,lg-spl,2.7,,,,,,,,,,,,,37.0,,,0.185,,,,,,,3-0（2-0）,主胜,胜胜,3,3,0,2.0,0.0,ok,no,ok,ok
2026-09-01,002,英冠,lg-champ,2.6,,,,,,,,,,,,,17.0,,,0.053,,,,,,,2-0（2-0）,主胜,胜胜,2,2,0,2.0,0.0,ok,no,ok,no
2026-09-01,003,英冠,lg-champ,2.7,,,,,,,,,,,,,20.0,,17.0,0.0,,,,,,,4-2（2-1）,主胜,胜胜,6,4,2,2.0,1.0,ok,no,ok,no
2026-09-01,004,英冠,lg-champ,2.1,,,,,,,,,,,,,18.0,,,-0.308,,,,,,,0-2（0-1）,客胜,负负,2,0,2,0.0,1.0,ok,no,no,ok
2026-09-01,005,英冠,lg-champ,2.1,,,,,,,,,,,,,19.0,,,-1.0,,,,,,,0-0（0-0）,平,平平,0,0,0,0.0,0.0,ok,no,ok,no
2026-09-01,006,英冠,lg-champ,2.0,,,,,,,,,,,,,17.0,,,0.214,,,,,,,1-3（0-1）,客胜,负负,4,1,3,0.0,1.0,no,no,no,
2026-09-01,007,英冠,lg-champ,2.1,,,,,,,,,,,,,17.0,,,0.143,,,,,,,3-2（1-1）,主胜,平胜,5,3,2,1.0,1.0,ok,no,ok,no
2026-09-01,008,英冠,lg-champ,3.0,,,,,,,,,,,,,18.0,,,-0.667,,,,,,,1-1（0-1）,平,负平,2,1,1,0.0,1.0,no,no,no,no
2026-09-01,009,英冠,lg-champ,2.4,,,,,,,,,,,,,17.0,,,-0.15,,,,,,,1-0（1-0）,主胜,胜胜,1,1,0,1.0,0.0,no,no,no,
2026-09-01,010,意大利杯,lg-sa,2.3,,,,,,,,,,,,,27.0,,,0.625,,,,,,,0-1（0-1）,客胜,负负,1,0,1,0.0,1.0,no,no,no,
2026-09-02,001,日联赛杯,lg-j1,2.35,,,,,,,,,,,,,24.0,,,,,,,,,,0-2（0-1）,客胜,负负,2,0,2,0.0,1.0,ok,ok,ok,
2026-09-02,002,日职联,lg-j1,1.9,,,,,,,,,,,,,30.0,,,-0.08,,,,,,,2-0（1-0）,主胜,胜胜,2,2,0,1.0,0.0,no,no,no,
2026-09-02,003,日职联,lg-j1,3.0,,,,,,,,,,,,,26.0,,3.0,,,,,,,,4-2（2-0）,主胜,胜胜,6,4,2,2.0,0.0,no,no,no,
2026-09-02,004,日职联,lg-j1,3.5,,,,,,,,,,,,,27.0,,2.0,-0.167,,,,,,,2-1（0-0）,主胜,平胜,3,2,1,0.0,0.0,ok,ok,ok,
2026-09-02,005,意大利杯,lg-sa,2.75,1.34,1.77,7.0,15.0,3.0,7.0,,,,,,,32.0,,2.0,0.4,-0.42999999999999994,-8.0,-4.0,,,,1-1（1-1）,平,平平,2,1,1,1.0,1.0,ok,ok,ok,
2026-09-02,006,意大利杯,lg-sa,2.0,1.31,1.09,16.0,11.0,8.0,4.0,,,,,,,30.0,,10.0,,0.21999999999999997,5.0,4.0,,,,2-1（1-1）,主胜,平胜,3,2,1,1.0,1.0,ok,no,ok,
2026-09-02,007,英冠,lg-champ,1.85,0.23,0.88,4.0,9.0,0.0,3.0,,,,,,,19.0,,16.0,0.0,-0.65,-5.0,-3.0,,,,0-3（0-1）,客胜,负负,3,0,3,0.0,1.0,no,no,no,
2026-09-02,008,英冠,lg-champ,2.5,0.57,0.39,15.0,4.0,3.0,1.0,,,,,,,19.0,,,0.0,0.17999999999999994,11.0,2.0,,,,1-1（0-0）,平,平平,2,1,1,0.0,0.0,ok,ok,ok,
2026-09-02,009,英冠,lg-champ,2.4,2.09,0.6,20.0,9.0,4.0,3.0,,,,,,,19.0,,12.0,0.35,1.4899999999999998,11.0,1.0,,,,2-1（1-0）,主胜,胜胜,3,2,1,1.0,0.0,ok,no,ok,
2026-09-02,010,德国杯,lg-dfb,3.55,0.13,3.11,5.0,22.0,2.0,9.0,0.0,8.0,,,,,18.0,,2.0,,-2.98,-17.0,-7.0,-8.0,,,1-4（1-2）,客胜,负负,5,1,4,1.0,2.0,ok,ok,ok,
2026-09-02,011,英冠,lg-champ,2.5,0.64,1.22,11.0,10.0,3.0,2.0,,,,,,,18.0,,17.0,0.0,-0.58,1.0,1.0,,,,1-1（0-1）,平,负平,2,1,1,0.0,1.0,ok,ok,no,
2026-09-02,012,巴甲,lg-bras,3.15,1.75,0.49,14.0,8.0,4.0,2.0,9.0,7.0,,,,,21.0,,11.0,0.667,1.26,6.0,2.0,2.0,,,2-0（2-0）,主胜,胜胜,2,2,0,2.0,0.0,ok,no,ok,
2026-09-02,013,巴西杯,lg-bras,1.9,,,19.0,9.0,4.0,1.0,5.0,1.0,,,,,18.0,,5.0,-0.171,,10.0,3.0,4.0,,,0-0（0-0）,平,平平,0,0,0,0.0,0.0,ok,no,ok,
2026-09-03,001,沙特联,lg-spl,3.6,0.86,2.12,,,,,,,,,0.0,0.0,38.0,,2.0,,-1.2600000000000002,,,,,0.0,2-2（1-1）,平,平平,4,2,2,1.0,1.0,ok,no,ok,
2026-09-03,002,沙特联,lg-spl,2.05,1.33,0.22,,,,,,,,,,,36.0,,,,1.11,,,,,,3-0（3-0）,主胜,胜胜,3,3,0,3.0,0.0,ok,no,ok,
2026-09-03,003,瑞超,lg-swe,3.9,1.52,2.08,,,,,,,,,,,18.0,,19.0,0.16,-0.56,,,,,,0-2（0-0）,客胜,平负,2,0,2,0.0,0.0,ok,no,ok,
2026-09-03,004,沙特联,lg-spl,3.7,0.95,1.08,,,,,,,,,0.0,0.0,36.0,,,0.6,-0.13000000000000012,,,,,0.0,0-2（0-0）,客胜,平负,2,0,2,0.0,0.0,ok,no,ok,
2026-09-03,005,法甲,lg-ligue1,2.95,3.46,1.21,,,,,,,,,,,28.0,,0.0,-0.379,2.25,,,,,,0-1（0-0）,客胜,平负,1,0,1,0.0,0.0,ok,ok,ok,
2026-09-03,006,西甲,lg-laliga,1.91,1.05,0.43,,,,,,,,,,,23.0,,10.0,0.258,0.6200000000000001,,,,,,0-0（0-0）,平,平平,0,0,0,0.0,0.0,ok,ok,ok,
2026-09-03,007,巴西杯,lg-bras,1.6,,,,,,,,,,,,,19.0,,3.0,-0.047,,,,,,,3-1（2-0）,主胜,胜胜,4,3,1,2.0,0.0,ok,no,ok,
2026-09-04,002,法甲,lg-ligue1,2.6,,,,,,,,,,,,,34.0,,1.0,0.3,,,,,,,3-1（2-1）,主胜,胜胜,4,3,1,2.0,1.0,ok,no,ok,no
2026-09-04,003,挪超,lg-nor,3.5,,,,,,,,,,,,,14.0,,19.0,-0.5,,,,,,,1-2（0-1）,客胜,负负,3,1,2,0.0,1.0,ok,ok,ok,ok
2026-09-04,004,沙特联,lg-spl,3.9,,,,,,,,,,,,,36.0,,4.0,-0.577,,,,,,,0-2（0-0）,客胜,平负,2,0,2,0.0,0.0,ok,no,ok,no
2026-09-04,006,荷甲,lg-ered,2.5,,,,,,,,,,,,,19.0,,7.0,-0.19,,,,,,,2-2（1-1）,平,平平,4,2,2,1.0,1.0,ok,no,ok,no
2026-09-04,008,德甲,lg-bundes,2.8,,,,,,,,,,,,,28.0,,16.0,0.292,,,,,,,4-1（1-0）,主胜,胜胜,5,4,1,1.0,0.0,no,no,ok,no
2026-09-04,009,意甲,lg-sa,2.3,,,,,,,,,,,,,26.0,,13.0,-0.333,,,,,,,1-4（1-3）,客胜,负负,5,1,4,1.0,3.0,ok,no,ok,no
2026-09-04,010,英超,lg-eng,3.3,,,,,,,,,,,,,18.0,,8.0,-1.0,,,,,,,0-2（0-2）,客胜,负负,2,0,2,0.0,2.0,ok,no,ok,no
2026-09-04,011,西甲,lg-laliga,3.5,,,,,,,,,,,,,33.0,,2.0,-0.357,,,,,,,1-0（0-0）,主胜,平胜,1,1,0,0.0,0.0,no,no,no,no
2026-09-04,012,法甲,lg-ligue1,3.6,,,,,,,,,,,,,23.0,,8.0,0.289,,,,,,,1-2（1-0）,客胜,胜负,3,1,2,1.0,0.0,no,no,no,ok
2026-09-04,013,葡超,lg-prime,3.0,,,,,,,,,,,,,25.0,,4.0,0.667,,,,,,,2-1（1-1）,主胜,平胜,3,2,1,1.0,1.0,ok,ok,ok,ok
2026-09-05,001,日职,lg-j1,2.6,1.39,0.71,16.0,10.0,,,,,,,0.0,0.0,27.0,,,0.118,0.6799999999999999,6.0,,,,0.0,1-1（0-0）,平,平平,2,1,1,0.0,0.0,ok,ok,ok,ok
2026-09-05,002,日乙,lg-j2,2.4,,,,,,,,,,,0.0,0.0,2.0,,,0.045,,,,,,0.0,1-2（0-2）,客胜,负负,3,1,2,0.0,2.0,no,no,no,ok
2026-09-05,003,韩职,lg-k1,2.5,,,12.0,5.0,5.0,1.0,,,,,0.0,0.0,26.0,,,-0.135,,7.0,4.0,,,0.0,0-0（0-0）,平,平平,0,0,0,0.0,0.0,no,no,no,no
2026-09-05,004,英超,lg-eng,2.0,0.66,1.5,8.0,17.0,,,,,,,,,17.0,,,0.0,-0.84,-9.0,,,,,2-2（1-2）,平,负平,4,2,2,1.0,2.0,ok,no,no,no
2026-09-05,005,英冠,lg-champ,2.4,2.27,0.77,19.0,16.0,,,,,,,,,19.0,,16.0,,1.5,3.0,,,,,1-1（0-1）,平,负平,2,1,1,0.0,1.0,ok,ok,no,ok
2026-09-05,006,意甲,lg-sa,1.6,1.57,0.63,14.0,7.0,,,,,,,,,31.0,,4.0,0.194,0.9400000000000001,7.0,,,,,1-2（0-0）,客胜,平负,3,1,2,0.0,0.0,no,no,no,no
2026-09-05,007,德甲,lg-bundes,3.0,2.02,2.35,25.0,14.0,,,,,,,,,21.0,,9.0,,-0.33000000000000007,11.0,,,,,3-4（2-1）,客胜,胜负,7,3,4,2.0,1.0,no,no,no,no
2026-09-05,008,德甲,lg-bundes,2.8,0.83,1.56,12.0,19.0,,,,,,,,,18.0,,12.0,-0.5,-0.7300000000000001,-7.0,,,,,3-1（1-0）,主胜,胜胜,4,3,1,1.0,0.0,no,no,no,ok
2026-09-05,009,德甲,lg-bundes,3.5,0.72,1.29,14.0,16.0,,,,,,,,,18.0,,10.0,0.0,-0.5700000000000001,-2.0,,,,,0-1（0-1）,客胜,负负,1,0,1,0.0,1.0,ok,no,ok,no
2026-09-05,010,德甲,lg-bundes,2.9,1.17,2.02,18.0,11.0,,,,,,,,,24.0,,,-0.265,-0.8500000000000001,7.0,,,,,2-3（1-0）,客胜,胜负,5,2,3,1.0,0.0,ok,no,no,no
2026-09-05,011,德甲,lg-bundes,2.7,2.93,0.41,21.0,5.0,,,,,,,,,21.0,,,0.438,2.52,16.0,,,,,4-0（2-0）,主胜,胜胜,4,4,0,2.0,0.0,ok,no,ok,no
2026-09-05,012,英超,lg-eng,2.8,0.65,1.57,12.0,12.0,,,,,,,,,20.0,,,0.0,-0.92,0.0,,,,,0-0（0-0）,平,平平,0,0,0,0.0,0.0,no,no,ok,no
2026-09-05,013,英超,lg-eng,3.3,1.81,1.21,15.0,12.0,,,,,,,,,18.0,,,,0.6000000000000001,3.0,,,,,1-0（1-0）,主胜,胜胜,1,1,0,1.0,0.0,ok,no,ok,no
2026-09-05,014,英超,lg-eng,2.9,1.25,1.94,12.0,14.0,,,,,,,,,22.0,,1.0,0.25,-0.69,-2.0,,,,,1-1（0-0）,平,平平,2,1,1,0.0,0.0,ok,ok,ok,ok
2026-09-05,015,英超,lg-eng,2.6,3.13,1.97,25.0,10.0,,,,,,,,,22.0,,1.0,-0.118,1.16,15.0,,,,,2-3（2-1）,客胜,胜负,5,2,3,2.0,1.0,no,no,no,no
2026-09-05,016,西甲,lg-laliga,2.6,1.35,0.86,11.0,15.0,,,,,,,,,29.0,,,-0.316,0.4900000000000001,-4.0,,,,,3-0（0-0）,主胜,平胜,3,3,0,0.0,0.0,no,no,no,no
2026-09-05,017,法甲,lg-ligue1,2.8,1.01,1.51,17.0,8.0,6.0,3.0,,,,,,,22.0,,4.0,-0.048,-0.5,9.0,3.0,,,,0-1（0-0）,客胜,平负,1,0,1,0.0,0.0,no,no,no,no
2026-09-05,018,意甲,lg-sa,2.8,3.19,2.24,29.0,16.0,8.0,7.0,,,,,,,34.0,,7.0,-0.026,0.9499999999999997,13.0,1.0,,,,3-2（0-0）,主胜,平胜,5,3,2,0.0,0.0,ok,no,ok,no
2026-09-05,019,挪超,lg-nor,3.2,1.88,1.33,23.0,8.0,3.0,4.0,,,,,,,12.0,,3.0,0.269,0.5499999999999998,15.0,-1.0,,,,1-2（0-2）,客胜,负负,3,1,2,0.0,2.0,no,no,no,ok
2026-09-05,020,英超,lg-eng,2.0,0.58,1.74,11.0,13.0,4.0,1.0,,,,,,,20.0,,,-0.25,-1.1600000000000001,-2.0,3.0,,,,0-0（0-0）,平,平平,0,0,0,0.0,0.0,ok,no,ok,no
2026-09-05,021,德甲,lg-bundes,3.6,0.21,2.1,4.0,15.0,1.0,5.0,,,,,,,20.0,,26.0,-0.71,-1.8900000000000001,-11.0,-4.0,,,,0-0（0-0）,平,平平,0,0,0,0.0,0.0,no,no,no,
2026-09-05,022,西甲,lg-laliga,2.4,1.5,0.83,16.0,10.0,10.0,5.0,,,,,,,35.0,,5.0,0.5,0.67,6.0,5.0,,,,3-2（2-2）,主胜,平胜,5,3,2,2.0,2.0,ok,no,ok,no
2026-09-05,023,葡超,lg-prime,3.1,0.13,1.3,6.0,11.0,1.0,6.0,,,,,,,25.0,,82.0,-0.719,-1.17,-5.0,-5.0,,,,0-3（0-1）,客胜,负负,3,0,3,0.0,1.0,ok,ok,ok,ok
2026-09-05,028,西甲,lg-laliga,2.7,1.14,0.79,17.0,8.0,5.0,3.0,,,,,,,27.0,,35.0,0.091,0.34999999999999987,9.0,2.0,,,,2-3（1-1）,客胜,平负,5,2,3,1.0,1.0,no,no,no,
2026-09-05,029,巴甲,lg-bras,2.1,1.65,2.36,24.0,11.0,10.0,5.0,,,,,,,21.0,,35.0,-0.118,-0.71,13.0,5.0,,,,2-3（2-2）,客胜,平负,5,2,3,2.0,2.0,ok,no,ok,no
2026-09-05,024,沙特联,lg-spl,3.5,1.8,1.75,15.0,16.0,3.0,8.0,,,,,,,33.0,,8.0,-0.107,0.050000000000000044,-1.0,-5.0,,,,2-1（2-1）,主胜,胜胜,3,2,1,2.0,1.0,no,no,no,ok
2026-09-05,025,荷甲,lg-ered,4.8,1.99,2.55,19.0,13.0,6.0,5.0,,,,,,,17.0,,1.0,0.051,-0.5599999999999998,6.0,1.0,,,,1-3（1-2）,客胜,负负,4,1,3,1.0,2.0,no,no,no,ok
2026-09-05,026,意甲,lg-sa,2.8,3.24,0.78,39.0,6.0,10.0,2.0,,,,,,,27.0,,,-0.129,2.46,33.0,8.0,,,,2-1（0-0）,主胜,平胜,3,2,1,0.0,0.0,no,no,no,ok
2026-09-05,027,法甲,lg-ligue1,2.3,1.58,2.4,16.0,19.0,4.0,9.0,,,,,,,17.0,,35.0,-0.381,-0.8199999999999998,-3.0,-5.0,,,,1-2（0-1）,客胜,负负,3,1,2,0.0,1.0,ok,ok,ok,ok
2026-09-06,001,日职,lg-j1,,1.12,0.74,17.0,11.0,3.0,3.0,,,,,,,7.0,,3.0,0.073,0.3800000000000001,6.0,0.0,,,,0-1（0-1）,客胜,负负,1,0,1,0.0,1.0,no,no,no,ok
2026-09-06,002,日职,lg-j1,2.75,0.9,3.2,12.0,12.0,1.0,5.0,,,,,,,4.0,,,-0.375,-2.3000000000000003,0.0,-4.0,,,,1-3（0-1）,客胜,负负,4,1,3,0.0,1.0,ok,no,ok,ok
2026-09-06,003,韩职,lg-k1,2.2,,,4.0,11.0,0.0,4.0,,,,,,,8.0,,,-0.059,,-7.0,-4.0,,,,0-3（0-1）,客胜,负负,3,0,3,0.0,1.0,no,no,no,ok
2026-09-06,004,韩职,lg-k1,1.75,,,5.0,3.0,2.0,2.0,,,,,,,0.0,,,0.069,,2.0,0.0,,,,2-2（1-0）,平,胜平,4,2,2,1.0,0.0,ok,no,no,no
2026-09-06,005,日职,lg-j1,2.5,2.4,0.93,19.0,9.0,6.0,3.0,,,,,,,6.0,,,0.286,1.4699999999999998,10.0,3.0,,,,2-0（0-0）,主胜,平胜,2,2,0,0.0,0.0,no,no,no,ok
2026-09-06,006,英冠,lg-champ,2.7,1.47,2.03,15.0,9.0,6.0,4.0,,,,,,,1.0,,2.0,-0.286,-0.5599999999999998,6.0,2.0,,,,2-2（2-2）,平,平平,4,2,2,2.0,2.0,ok,no,ok,no
2026-09-06,007,荷甲,lg-ered,3.8,1.52,1.51,14.0,15.0,5.0,8.0,,,,,,,20.0,,,-0.205,0.010000000000000009,-1.0,-3.0,,,,2-3（2-1）,客胜,胜负,5,2,3,2.0,1.0,ok,no,ok,no
2026-09-06,008,英超,lg-eng,2.7,1.01,0.72,18.0,14.0,6.0,3.0,,,,,,,0.0,,,-0.342,0.29000000000000004,4.0,3.0,,,,2-2（0-0）,平,平平,4,2,2,0.0,0.0,ok,no,ok,no
2026-09-06,009,意甲,lg-sa,2.0,1.74,2.18,13.0,15.0,8.0,4.0,,,,,,,3.0,,8.0,0.182,-0.44000000000000017,-2.0,4.0,,,,3-2（2-0）,主胜,胜胜,5,3,2,2.0,0.0,ok,no,ok,no
2026-09-06,010,意甲,lg-sa,1.6,0.7,1.7,7.0,16.0,3.0,5.0,,,,,,,4.0,,,0.25,-1.0,-9.0,-2.0,,,,1-1（0-1）,平,负平,2,1,1,0.0,1.0,ok,ok,no,no
2026-09-06,011,法甲,lg-ligue1,2.2,2.81,3.15,27.0,19.0,6.0,12.0,,,,,,,9.0,,2.0,0.125,-0.33999999999999986,8.0,-6.0,,,,2-6（1-2）,客胜,负负,8,2,6,1.0,2.0,no,no,no,no
2026-09-06,012,德甲,lg-bundes,1.6,0.19,2.98,8.0,17.0,1.0,8.0,,,,,,,19.0,,,0.0,-2.79,-9.0,-7.0,,,,0-5（0-2）,客胜,负负,5,0,5,0.0,2.0,no,no,no,no
2026-09-07,002,西甲,lg-laliga,2.0,0.81,0.96,10.0,16.0,2.0,3.0,3.0,5.0,,,,,37.0,,,0.115,-0.1499999999999999,-6.0,-1.0,-2.0,,,1-1（1-0）,平,胜平,2,1,1,1.0,0.0,ok,ok,ok,ok
2026-09-07,003,瑞超,lg-swe,2.3,1.23,0.78,20.0,13.0,6.0,3.0,9.0,3.0,,,,,20.0,,1.0,0.286,0.44999999999999996,7.0,3.0,6.0,,,0-0（0-0）,平,平平,0,0,0,0.0,0.0,ok,ok,ok,no
2026-09-07,004,瑞超,lg-swe,2.6,1.51,0.28,13.0,6.0,1.0,2.0,3.0,6.0,,,,,17.0,,10.0,-0.333,1.23,7.0,-1.0,-3.0,,,0-1（0-0）,客胜,平负,1,0,1,0.0,0.0,ok,ok,ok,no
2026-09-07,001,意甲,lg-sa,2.2,1.36,0.41,20.0,10.0,9.0,3.0,7.0,5.0,,,,,30.0,,,0.083,0.9500000000000002,10.0,6.0,2.0,,,1-0（1-0）,主胜,胜胜,1,1,0,1.0,0.0,ok,ok,ok,no
2026-09-07,005,沙特联,lg-spl,2.8,1.74,1.08,20.0,11.0,5.0,4.0,,,,,,,36.0,,3.0,1.0,0.6599999999999999,9.0,1.0,,,,0-2（0-2）,客胜,负负,2,0,2,0.0,2.0,no,no,no,ok
2026-09-07,006,意甲,lg-sa,2.6,0.85,1.83,10.0,19.0,6.0,6.0,,,,,,,25.0,,2.0,-0.324,-0.9800000000000001,-9.0,0.0,,,,1-2（0-0）,客胜,平负,3,1,2,0.0,0.0,no,no,no,ok
2026-09-07,007,葡超,lg-prime,2.8,0.86,1.07,18.0,12.0,8.0,2.0,,,,,,,22.0,,12.0,0.038,-0.21000000000000008,6.0,6.0,,,,0-0（0-0）,平,平平,0,0,0,0.0,0.0,no,no,no,no
2026-09-07,008,西甲,lg-laliga,1.9,2.47,0.58,20.0,13.0,10.0,6.0,,,,,,,29.0,,5.0,-0.667,1.8900000000000001,7.0,4.0,,,,2-3（0-2）,客胜,负负,5,2,3,0.0,2.0,ok,no,ok,no
2026-09-07,009,巴甲,lg-bras,2.3,1.67,0.45,20.0,11.0,6.0,5.0,,,,,,,26.0,,22.0,-0.474,1.22,9.0,1.0,,,,1-0（0-0）,主胜,平胜,1,1,0,0.0,0.0,no,no,no,no
2026-09-09,001,韩职,lg-k1,,,,10.0,10.0,4.0,4.0,5.0,3.0,,,,,20.0,,9.0,,,0.0,0.0,2.0,,,1-1（0-1）,平,负平,2,1,1,0.0,1.0,ok,ok,ok,ok
2026-09-09,002,沙职,lg-spl,,1.97,0.5,14.0,8.0,5.0,3.0,5.0,5.0,,,,,41.0,,0.0,,1.47,6.0,2.0,0.0,,,2-1（1-1）,主胜,平胜,3,2,1,1.0,1.0,ok,ok,ok,ok
2026-09-09,003,欧冠,lg-ucl,,1.63,0.51,24.0,4.0,9.0,2.0,4.0,1.0,,,,,22.0,,5.0,,1.1199999999999999,20.0,7.0,3.0,,,5-1（2-0）,主胜,胜胜,6,5,1,2.0,0.0,ok,no,ok,no
2026-09-09,004,欧冠,lg-ucl,,1.82,0.74,17.0,9.0,3.0,3.0,3.0,5.0,,,,,18.0,,,,1.08,8.0,0.0,-2.0,,,3-1（3-1）,主胜,胜胜,4,3,1,3.0,1.0,ok,ok,ok,ok
2026-09-09,005,荷甲,lg-ered,,2.52,0.2,22.0,3.0,8.0,2.0,9.0,2.0,,,,,16.0,,0.0,,2.32,19.0,6.0,7.0,,,1-0（0-0）,主胜,平胜,1,1,0,0.0,0.0,ok,no,ok,no
2026-09-09,006,欧冠,lg-ucl,,1.75,1.23,8.0,10.0,5.0,3.0,1.0,4.0,,,,,20.0,,0.0,,0.52,-2.0,2.0,-3.0,,,3-1（1-1）,主胜,平胜,4,3,1,1.0,1.0,ok,ok,ok,ok
2026-09-09,007,欧冠,lg-ucl,,0.22,4.05,5.0,26.0,3.0,8.0,0.0,6.0,,,,,26.0,,,,-3.8299999999999996,-21.0,-5.0,-6.0,,,0-1（0-0）,客胜,平负,1,0,1,0.0,0.0,ok,ok,ok,no
2026-09-09,008,欧冠,lg-ucl,,1.62,0.91,14.0,9.0,5.0,4.0,7.0,5.0,,,,,14.0,,,,0.7100000000000001,5.0,1.0,2.0,,,2-1（1-1）,主胜,平胜,3,2,1,1.0,1.0,ok,ok,ok,ok
2026-09-09,009,欧冠,lg-ucl,,4.71,0.64,35.0,9.0,14.0,4.0,7.0,2.0,,,,,17.0,,,,4.07,26.0,10.0,5.0,,,6-1（3-0）,主胜,胜胜,7,6,1,3.0,0.0,ok,no,ok,no
2026-09-09,010,英冠,lg-champ,,0.6,0.73,9.0,15.0,0.0,2.0,5.0,12.0,,,,,17.0,,0.0,0.0,-0.13,-6.0,-2.0,-7.0,,,0-0（0-0）,平,平平,0,0,0,0.0,0.0,ok,no,ok,no
2026-09-09,011,英联赛杯,lg-eflcup,,2.4,2.39,16.0,18.0,8.0,6.0,3.0,5.0,,,,,17.0,,0.0,0.6,0.009999999999999787,-2.0,2.0,-2.0,,,6-3（0-1）,主胜,负胜,9,6,3,0.0,1.0,ok,no,no,no
2026-09-09,012,葡超,lg-prime,,0.39,2.99,8.0,21.0,1.0,9.0,3.0,7.0,,,,,21.0,,5.0,-0.2,-2.6,-13.0,-8.0,-4.0,,,0-4（0-1）,客胜,负负,4,0,4,0.0,1.0,ok,no,ok,ok
2026-09-09,013,解放者杯,lg-copaLib,,3.12,0.47,28.0,6.0,7.0,1.0,10.0,1.0,,,,,20.0,,,,2.6500000000000004,22.0,6.0,9.0,,,1-0（1-0）,主胜,胜胜,1,1,0,1.0,0.0,ok,ok,ok,ok
2026-09-09,014,解放者杯,lg-copaLib,,0.86,0.69,14.0,7.0,6.0,3.0,5.0,1.0,,,,,13.0,,0.0,0.0,0.17000000000000004,7.0,3.0,4.0,,,1-1（1-0）,平,胜平,2,1,1,1.0,0.0,ok,ok,no,ok
2026-09-09,015,美职,lg-mls,,0.83,1.37,10.0,20.0,3.0,7.0,2.0,5.0,,,,,20.0,0.0,0.0,,-0.5400000000000001,-10.0,-4.0,-3.0,,,1-1（1-0）,平,胜平,2,1,1,1.0,0.0,ok,ok,ok,no
2026-09-10,001,欧冠,lg-ucl,,1.64,0.53,11.0,8.0,5.0,3.0,1.0,3.0,,,,,24.0,,0.0,,1.1099999999999999,3.0,2.0,-2.0,,,1-1（0-1）,平,负平,2,1,1,0.0,1.0,ok,ok,ok,ok
2026-09-10,002,欧冠,lg-ucl,2.7,2.98,1.36,14.0,14.0,6.0,4.0,1.0,5.0,,,,,17.0,,0.0,,1.6199999999999999,0.0,2.0,-4.0,,,4-1（2-0）,主胜,胜胜,5,4,1,2.0,0.0,ok,no,ok,no
2026-09-10,003,欧冠,lg-ucl,3.95,2.61,0.3,25.0,3.0,12.0,0.0,6.0,3.0,,,,,14.0,,,,2.31,22.0,12.0,3.0,,,5-0（0-0）,主胜,平胜,5,5,0,0.0,0.0,ok,no,ok,ok
2026-09-10,004,欧冠,lg-ucl,2.8,2.09,1.78,18.0,26.0,5.0,8.0,6.0,9.0,,,,,15.0,,0.0,,0.30999999999999983,-8.0,-3.0,-3.0,,,2-3（0-0）,客胜,平负,5,2,3,0.0,0.0,no,no,no,no
2026-09-10,005,欧冠,lg-ucl,3.7,3.54,0.84,21.0,11.0,10.0,0.0,7.0,2.0,,,,,16.0,,,,2.7,10.0,10.0,5.0,,,4-0（3-0）,主胜,胜胜,4,4,0,3.0,0.0,ok,no,ok,ok
2026-09-10,006,葡超,lg-prime,,0.57,0.61,9.0,9.0,5.0,4.0,5.0,9.0,,,,,18.0,,,,-0.040000000000000036,0.0,1.0,-4.0,,,2-1（1-1）,主胜,平胜,3,2,1,1.0,1.0,no,no,no,ok
2026-09-10,007,解放者杯,lg-copaLib,3.95,1.02,0.98,18.0,4.0,3.0,2.0,10.0,3.0,,,,,16.0,,,0.167,0.040000000000000036,14.0,1.0,7.0,,,0-2（0-0）,客胜,平负,2,0,2,0.0,0.0,no,no,no,ok
2026-09-11,001,日职,lg-j1,,2.12,2.98,15.0,19.0,5.0,6.0,7.0,5.0,,,,,24.0,,5.0,,-0.8599999999999999,-4.0,-1.0,2.0,,,2-3（2-0）,客胜,胜负,5,2,3,2.0,0.0,no,no,no,
2026-09-11,002,沙职,lg-spl,,1.09,1.27,10.0,12.0,,,,,,,,,40.0,,17.0,,-0.17999999999999994,-2.0,,,,,1-3（0-2）,客胜,负负,4,1,3,0.0,2.0,ok,no,ok,
2026-09-11,003,德乙,lg-bundes2,,2.13,1.16,26.0,9.0,,,,,,,,,21.0,,13.0,,0.97,17.0,,,,,2-1（1-1）,主胜,平胜,3,2,1,1.0,1.0,ok,ok,no,
2026-09-11,004,瑞超,lg-swe,2.3,1.15,0.9,16.0,10.0,,,,,,,,,15.0,,12.0,,0.2499999999999999,6.0,,,,,1-1（0-1）,平,负平,2,1,1,0.0,1.0,no,no,no,
2026-09-11,005,荷甲,lg-ered,3.6,2.48,0.93,22.0,8.0,,,,,,,,,17.0,,1.0,,1.5499999999999998,14.0,,,,,1-1（1-0）,平,胜平,2,1,1,1.0,0.0,no,no,no,
2026-09-11,006,荷乙,lg-eers,,,,12.0,17.0,,,,,,,,,18.0,,5.0,,,-5.0,,,,,0-4（0-0）,客胜,平负,4,0,4,0.0,0.0,no,no,no,
2026-09-11,007,德甲,lg-bundes,,2.03,2.45,21.0,19.0,,,,,,,,,17.0,,,,-0.4200000000000004,2.0,,,,,1-3（0-1）,客胜,负负,4,1,3,0.0,1.0,no,no,no,
2026-09-11,008,意甲,lg-sa,,0.58,3.36,10.0,19.0,,,,,,,,,22.0,,,0.4,-2.78,-9.0,,,,,2-4（1-2）,客胜,负负,6,2,4,1.0,2.0,ok,no,ok,
2026-09-11,009,法甲,lg-ligue1,,1.85,0.95,20.0,13.0,,,,,,,,,19.0,,5.0,,0.9000000000000001,7.0,,,,,1-0（0-0）,主胜,平胜,1,1,0,0.0,0.0,ok,no,no,
2026-09-11,010,英冠,lg-champ,,2.51,0.39,19.0,8.0,,,,,,,,,20.0,,14.0,,2.1199999999999997,11.0,,,,,6-0（2-0）,主胜,胜胜,6,6,0,2.0,0.0,ok,no,ok,
2026-09-11,011,西甲,lg-laliga,,1.2,0.08,13.0,3.0,,,,,,,,,32.0,,20.0,,1.1199999999999999,10.0,,,,,1-0（0-0）,主胜,平胜,1,1,0,0.0,0.0,ok,no,ok,
2026-09-11,012,巴甲,lg-bras,3.5,,,,,,,,,,,,,18.0,,7.0,,,,,,,,3-3（1-2）,平,负平,6,3,3,1.0,2.0,ok,no,no,
2026-09-13,001,日职,lg-j1,2.5,1.42,1.66,22.0,8.0,6.0,5.0,9.0,1.0,3.0,3.0,0.0,0.0,25.0,,,,-0.24,14.0,1.0,8.0,0.0,0.0,1-1（0-0）,平,平平,2,1,1,0.0,0.0,ok,ok,ok,ok
2026-09-13,002,日乙,lg-j2,3.55,,,,,,,,,,,0.0,0.0,24.0,0.0,,,,,,,,0.0,1-1（1-1）,平,平平,2,1,1,1.0,1.0,no,no,no,no
2026-09-13,003,西甲,lg-laliga,2.4,1.78,0.48,17.0,12.0,5.0,2.0,1.0,5.0,2.0,0.0,,,33.0,0.0,2.0,-0.167,1.3,5.0,3.0,-4.0,2.0,,1-1（1-0）,平,胜平,2,1,1,1.0,0.0,ok,ok,no,ok
2026-09-13,004,瑞超,lg-swe,3.0,1.91,0.51,17.0,8.0,8.0,2.0,6.0,4.0,1.0,0.0,,,17.0,4.0,15.0,0.095,1.4,9.0,6.0,2.0,1.0,,3-1（2-1）,主胜,胜胜,4,3,1,2.0,1.0,ok,ok,ok,ok
2026-09-13,005,芬超,lg-fin,2.7,,,14.0,14.0,2.0,2.0,7.0,4.0,1.0,1.0,,,13.0,73.0,,-0.155,,0.0,0.0,3.0,0.0,,0-0（0-0）,平,平平,0,0,0,0.0,0.0,ok,no,ok,no
2026-09-13,006,荷甲,lg-ered,2.7,1.54,0.71,23.0,12.0,6.0,2.0,8.0,6.0,2.0,0.0,,,19.0,7.0,12.0,1.0,0.8300000000000001,11.0,4.0,2.0,2.0,,0-0（0-0）,平,平平,0,0,0,0.0,0.0,ok,no,ok,no
2026-09-13,007,意甲,lg-sa,2.3,1.08,2.79,,,,,4.0,6.0,4.0,6.0,,,27.0,0.0,14.0,0.3,-1.71,,,-2.0,-2.0,,3-2（3-1）,主胜,胜胜,5,3,2,3.0,1.0,ok,no,ok,no
2026-09-13,008,法甲,lg-ligue1,2.7,1.65,0.38,13.0,8.0,6.0,1.0,2.0,5.0,4.0,0.0,,,21.0,14.0,5.0,0.214,1.27,5.0,5.0,-3.0,4.0,,2-0（1-0）,主胜,胜胜,2,2,0,1.0,0.0,ok,ok,ok,ok
2026-09-13,009,德甲,lg-bundes,2.9,2.38,0.94,19.0,10.0,6.0,4.0,7.0,7.0,3.0,0.0,,,20.0,6.0,12.0,0.625,1.44,9.0,2.0,0.0,3.0,,5-0（2-0）,主胜,胜胜,5,5,0,2.0,0.0,ok,no,ok,no
2026-09-13,010,西甲,lg-laliga,3.2,2.46,2.63,,,,,3.0,5.0,,,2.0,3.0,29.0,0.0,12.0,-0.679,-0.16999999999999993,,,-2.0,,-1.0,2-4（0-2）,客胜,负负,6,2,4,0.0,2.0,ok,no,ok,no
2026-09-13,011,挪超,lg-nor,3.3,1.56,2.69,,,,,6.0,2.0,,,1.0,7.0,17.0,0.0,6.0,-0.636,-1.13,,,4.0,,-6.0,1-5（0-1）,客胜,负负,6,1,5,0.0,1.0,ok,no,ok,no
2026-09-13,012,法甲,lg-ligue1,2.8,2.49,1.24,,,,,3.0,9.0,,,2.0,6.0,28.0,0.0,4.0,0.0,1.2500000000000002,,,-6.0,,-4.0,2-2（2-1）,平,胜平,4,2,2,2.0,1.0,ok,no,no,no
2026-09-13,013,英超,lg-eng,3.1,0.95,0.99,,,,,6.0,7.0,1.0,2.0,5.0,1.0,21.0,1.0,11.0,-0.07,-0.040000000000000036,,,-1.0,-1.0,4.0,0-1（0-0）,客胜,平负,1,0,1,0.0,0.0,ok,no,ok,no
2026-09-13,014,德甲,lg-bundes,3.4,0.94,2.42,,,,,3.0,9.0,2.0,4.0,2.0,1.0,18.0,43.0,1.0,,-1.48,,,-6.0,-2.0,1.0,1-2（0-1）,客胜,负负,3,1,2,0.0,1.0,ok,ok,ok,ok
2026-09-13,015,意甲,lg-sa,2.6,1.81,0.25,,,,,,,,,7.0,6.0,29.0,0.0,4.0,0.273,1.56,,,,,1.0,1-0（0-0）,主胜,平胜,1,1,0,0.0,0.0,ok,no,ok,no
2026-09-13,016,西甲,lg-laliga,2.6,0.7,0.88,8.0,3.0,,,,,1.0,2.0,6.0,2.0,33.0,0.0,8.0,0.5,-0.18000000000000005,5.0,,,-1.0,4.0,1-1（0-0）,平,平平,2,1,1,0.0,0.0,ok,ok,ok,ok
2026-09-13,017,葡超,lg-prime,3.05,2.9,1.11,,,,,,,,,1.0,3.0,32.0,0.0,6.0,0.769,1.7899999999999998,,,,,-2.0,3-1（1-1）,主胜,平胜,4,3,1,1.0,1.0,ok,ok,ok,ok
2026-09-13,018,荷甲,lg-ered,3.3,3.71,2.26,,,,,9.0,5.0,4.0,4.0,6.0,1.0,18.0,24.0,9.0,0.8,1.4500000000000002,,,4.0,0.0,5.0,4-1（0-3）,主胜,负胜,5,4,1,0.0,3.0,ok,no,ok,no
2026-09-13,019,意甲,lg-sa,2.6,0.9,1.0,10.0,18.0,6.0,8.0,3.0,9.0,2.0,2.0,6.0,8.0,23.0,1.0,2.0,-0.538,-0.09999999999999998,-8.0,-2.0,-6.0,0.0,-2.0,3-2（0-0）,主胜,平胜,5,3,2,0.0,0.0,no,no,no,no
2026-09-13,020,法甲,lg-ligue1,2.9,1.31,1.16,16.0,15.0,5.0,7.0,3.0,2.0,3.0,2.0,2.0,0.0,18.0,6.0,7.0,-0.917,0.15000000000000013,1.0,-2.0,1.0,1.0,2.0,0-1（0-1）,客胜,负负,1,0,1,0.0,1.0,ok,no,ok,no
2026-09-13,021,西甲,lg-laliga,2.7,0.25,1.92,8.0,13.0,3.0,5.0,9.0,3.0,1.0,3.0,2.0,1.0,22.0,6.0,2.0,-0.444,-1.67,-5.0,-2.0,6.0,-2.0,1.0,0-3（0-0）,客胜,平负,3,0,3,0.0,0.0,ok,no,ok,ok
2026-09-12,001,韩职,lg-k1,2.69,,,9.0,9.0,3.0,3.0,6.0,9.0,,,,,27.0,,5.0,,,0.0,0.0,-3.0,,,2-1（0-0）,主胜,平胜,3,2,1,0.0,0.0,ok,ok,ok,ok
2026-09-12,002,韩职,lg-k1,2.7,,,8.0,15.0,3.0,11.0,1.0,5.0,,,,,28.0,,2.0,,,-7.0,-8.0,-4.0,,,1-2（1-1）,客胜,平负,3,1,2,1.0,1.0,ok,ok,ok,ok
2026-09-12,003,日职,lg-j1,2.95,4.53,0.42,20.0,10.0,11.0,3.0,9.0,4.0,5.0,0.0,,,27.0,,4.0,0.7,4.11,10.0,8.0,5.0,5.0,,6-1（3-0）,主胜,胜胜,7,6,1,3.0,0.0,ok,no,ok,no
2026-09-12,004,日职,lg-j1,3.19,0.73,3.58,11.0,16.0,5.0,9.0,5.0,13.0,0.0,8.0,,,28.0,24.0,7.0,0.4,-2.85,-5.0,-4.0,-8.0,-8.0,,0-2（0-1）,客胜,负负,2,0,2,0.0,1.0,ok,no,ok,no
2026-09-12,005,西甲,lg-laliga,2.75,1.46,2.35,11.0,16.0,7.0,13.0,4.0,6.0,2.0,4.0,,,22.0,,11.0,,-0.8900000000000001,-5.0,-6.0,-2.0,-2.0,,2-1（1-1）,主胜,平胜,3,2,1,1.0,1.0,no,no,no,
2026-09-12,006,意甲,lg-sa,2.8,1.86,1.95,17.0,26.0,5.0,6.0,8.0,9.0,2.0,1.0,,,27.0,,12.0,,-0.08999999999999986,-9.0,-1.0,-1.0,1.0,,1-1（0-1）,平,负平,2,1,1,0.0,1.0,ok,ok,no,ok
2026-09-12,007,德甲,lg-bundes,3.55,2.36,0.21,19.0,5.0,9.0,0.0,6.0,2.0,2.0,0.0,,,24.0,,15.0,,2.15,14.0,9.0,4.0,2.0,,5-0（2-0）,主胜,胜胜,5,5,0,2.0,0.0,ok,no,ok,no
2026-09-12,008,德甲,lg-bundes,3.5,2.09,2.15,19.0,11.0,5.0,5.0,4.0,5.0,2.0,3.0,,,25.0,,8.0,,-0.06000000000000005,8.0,0.0,-1.0,-1.0,,1-3（0-2）,客胜,负负,4,1,3,0.0,2.0,no,no,no,ok
2026-09-12,010,德甲,lg-bundes,3.85,1.09,2.42,8.0,30.0,5.0,5.0,2.0,14.0,1.0,0.0,,,22.0,,6.0,,-1.3299999999999998,-22.0,0.0,-12.0,1.0,,2-2（0-1）,平,负平,4,2,2,0.0,1.0,ok,no,no,ok
2026-09-12,011,德甲,lg-bundes,3.3,2.6,2.23,20.0,16.0,8.0,5.0,5.0,7.0,6.0,5.0,,,25.0,0.0,,0.3,0.3700000000000001,4.0,3.0,-2.0,1.0,,2-1（1-0）,主胜,胜胜,3,2,1,1.0,0.0,no,no,no,ok
2026-09-12,009,德甲,lg-bundes,2.75,1.68,0.42,14.0,10.0,8.0,0.0,7.0,3.0,7.0,0.0,,,21.0,,9.0,,1.26,4.0,8.0,4.0,7.0,,3-0（1-0）,主胜,胜胜,3,3,0,1.0,0.0,ok,no,ok,ok
2026-09-12,012,英超,lg-eng,3.2,0.91,1.38,12.0,14.0,7.0,5.0,10.0,4.0,2.0,4.0,,,23.0,0.0,,0.9,-0.46999999999999986,-2.0,2.0,6.0,-2.0,,2-2（1-2）,平,负平,4,2,2,1.0,2.0,no,no,no,ok
2026-09-12,013,英超,lg-eng,3.0,1.75,0.5,20.0,8.0,10.0,2.0,2.0,1.0,4.0,2.0,,,21.0,0.0,,-0.7,1.25,12.0,8.0,1.0,2.0,,2-2（1-1）,平,平平,4,2,2,1.0,1.0,ok,no,ok,ok
2026-09-12,014,英超,lg-eng,2.1,0.82,2.28,7.0,22.0,5.0,7.0,6.0,1.0,2.0,6.0,,,21.0,40.0,,0.75,-1.46,-15.0,-2.0,5.0,-4.0,,1-2（0-0）,客胜,平负,3,1,2,0.0,0.0,no,no,no,ok
2026-09-12,015,英超,lg-eng,,0.62,1.68,11.0,12.0,4.0,6.0,6.0,3.0,1.0,3.0,,,23.0,0.0,1.0,,-1.06,-1.0,-2.0,3.0,-2.0,,2-3（1-2）,客胜,负负,5,2,3,1.0,2.0,no,no,ok,no
2026-09-12,016,英超,lg-eng,,1.28,0.7,14.0,10.0,3.0,4.0,5.0,8.0,4.0,1.0,,,20.0,0.0,,,0.5800000000000001,4.0,-1.0,-3.0,3.0,,0-0（0-0）,平,平平,0,0,0,0.0,0.0,ok,no,no,no
2026-09-12,017,西甲,lg-laliga,2.3,1.05,1.43,11.0,6.0,4.0,3.0,3.0,4.0,1.0,2.0,,,28.0,0.0,4.0,,-0.3799999999999999,5.0,1.0,-1.0,-1.0,,0-2（0-2）,客胜,负负,2,0,2,0.0,2.0,no,no,ok,ok
2026-09-12,018,法甲,lg-ligue1,,1.02,1.05,13.0,12.0,2.0,3.0,2.0,7.0,0.0,1.0,,,26.0,0.0,4.0,,-0.030000000000000027,1.0,-1.0,-5.0,-1.0,,1-1（0-0）,平,平平,2,1,1,0.0,0.0,ok,ok,ok,no
2026-09-12,019,沙职,lg-spl,2.6,1.32,5.41,15.0,20.0,4.0,10.0,4.0,2.0,2.0,7.0,,,39.0,0.0,11.0,-0.577,-4.09,-5.0,-6.0,2.0,-5.0,,0-6（0-3）,客胜,负负,6,0,6,0.0,3.0,ok,no,ok,no
2026-09-12,020,意甲,lg-sa,2.25,2.01,1.25,8.0,16.0,6.0,7.0,2.0,5.0,4.0,4.0,,,27.0,0.0,2.0,,0.7599999999999998,-8.0,-1.0,-3.0,0.0,,2-2（2-0）,平,胜平,4,2,2,2.0,0.0,ok,no,no,no
2026-09-12,021,挪超,lg-nor,3.2,1.81,2.2,20.0,15.0,10.0,9.0,4.0,4.0,2.0,1.0,,,15.0,0.0,3.0,0.2,-0.3900000000000001,5.0,1.0,0.0,1.0,,5-3（4-0）,主胜,胜胜,8,5,3,4.0,0.0,ok,no,ok,no
2026-09-12,022,英超,lg-eng,2.75,0.69,1.11,14.0,12.0,2.0,3.0,5.0,6.0,1.0,2.0,,,24.0,0.0,10.0,,-0.42000000000000015,2.0,-1.0,-1.0,-1.0,,0-0（0-0）,平,平平,0,0,0,0.0,0.0,ok,no,ok,no
2026-09-12,023,德甲,lg-bundes,3.5,1.65,1.12,15.0,14.0,6.0,5.0,8.0,5.0,1.0,2.0,,,22.0,0.0,,,0.5299999999999998,1.0,1.0,3.0,-1.0,,1-1（1-0）,平,胜平,2,1,1,1.0,0.0,ok,ok,no,no
2026-09-12,024,西甲,lg-laliga,2.6,2.39,0.84,19.0,3.0,3.0,1.0,7.0,1.0,4.0,1.0,,,24.0,0.0,9.0,,1.5500000000000003,16.0,2.0,6.0,3.0,,1-1（0-0）,平,平平,2,1,1,0.0,0.0,no,no,no,ok
2026-09-12,025,葡超,lg-prime,2.95,1.59,2.6,15.0,17.0,5.0,4.0,5.0,10.0,3.0,4.0,,,31.0,0.0,17.0,,-1.01,-2.0,1.0,-5.0,-1.0,,1-4（1-1）,客胜,平负,5,1,4,1.0,1.0,ok,no,ok,no
2026-09-12,026,荷甲,lg-ered,3.55,0.71,4.13,8.0,27.0,4.0,11.0,3.0,11.0,1.0,8.0,,,20.0,0.0,2.0,,-3.42,-19.0,-7.0,-8.0,-7.0,,1-5（0-1）,客胜,负负,6,1,5,0.0,1.0,ok,no,ok,no
2026-09-12,027,意甲,lg-sa,2.1,1.74,1.32,22.0,5.0,4.0,5.0,3.0,2.0,1.0,2.0,,,21.0,0.0,1.0,0.179,0.41999999999999993,17.0,-1.0,1.0,-1.0,,1-2（1-1）,客胜,平负,3,1,2,1.0,1.0,no,no,no,no
2026-09-12,028,法甲,lg-ligue1,2.65,0.3,0.5,6.0,5.0,4.0,1.0,4.0,3.0,1.0,0.0,,,22.0,0.0,1.0,0.0,-0.2,1.0,3.0,1.0,1.0,,0-0（0-0）,平,平平,0,0,0,0.0,0.0,ok,no,ok,no
2026-09-12,029,英超,lg-eng,2.5,1.8,1.88,12.0,11.0,3.0,5.0,4.0,2.0,3.0,3.0,,,18.0,0.0,10.0,,-0.07999999999999985,1.0,-2.0,2.0,0.0,,0-2（0-0）,客胜,平负,2,0,2,0.0,0.0,ok,ok,ok,ok
2026-09-12,030,西甲,lg-laliga,3.0,2.62,1.21,24.0,18.0,11.0,7.0,11.0,5.0,4.0,1.0,,,28.0,0.0,11.0,0.3,1.4100000000000001,6.0,4.0,6.0,3.0,,4-1（3-0）,主胜,胜胜,5,4,1,3.0,0.0,ok,no,ok,no
2026-07-21,001,韩职,lg-k1,,0.84,0.83,12.0,11.0,4.0,6.0,5.0,2.0,,,,,,,,,0.010000000000000009,1.0,-2.0,3.0,,,1-1（1-1）,平,平平,2,1,1,1.0,1.0,no,ok,ok,
2026-07-21,002,韩职,lg-k1,,1.87,0.89,16.0,12.0,2.0,3.0,5.0,5.0,,,,,,,,,0.9800000000000001,4.0,-1.0,0.0,,,0-0（0-0）,平,平平,0,0,0,0.0,0.0,no,no,ok,
2026-07-21,003,韩职,lg-k1,,0.69,3.06,9.0,21.0,3.0,7.0,2.0,2.0,,,,,,,,,-2.37,-12.0,-4.0,0.0,,,1-2（1-1）,客胜,平负,3,1,2,1.0,1.0,no,no,ok,
2026-07-22,001,韩职,lg-k1,,2.82,0.71,17.0,8.0,,,,,,,,,,,,,2.11,9.0,,,,,3-1（1-0）,主胜,胜胜,4,3,1,1.0,0.0,ok,no,no,
2026-07-22,002,韩职,lg-k1,,,,13.0,18.0,5.0,8.0,3.0,5.0,,,,,,,,,,-5.0,-3.0,-2.0,,,2-3（1-1）,客胜,平负,5,2,3,1.0,1.0,no,no,no,
2026-07-22,003,韩职,lg-k1,,,,,,,,,,,,,,,,,,,,,,,,1-1（1-1）,平,平平,2,1,1,1.0,1.0,no,no,no,
2026-07-22,004,巴甲,lg-bras,,1.23,1.13,16.0,21.0,,,,,,,,,,,,,0.10000000000000009,-5.0,,,,,1-1（1-0）,平,胜平,2,1,1,1.0,0.0,no,ok,ok,
2026-07-22,005,欧冠,lg-ucl,,,,,,,,,,,,,,,,,,,,,,,,1-0（1-0）,主胜,胜胜,1,1,0,1.0,0.0,no,ok,ok,
2026-07-22,006,欧冠,lg-ucl,,,,,,4.0,7.0,4.0,2.0,,,,,,,,,,,-3.0,2.0,,,1-4（0-2）,客胜,负负,5,1,4,0.0,2.0,ok,no,ok,
2026-07-22,007,欧冠,lg-ucl,,,,,,6.0,6.0,4.0,12.0,,,,,,,,,,,0.0,-8.0,,,4-0（1-0）,主胜,胜胜,4,4,0,1.0,0.0,ok,no,ok,
2026-07-23,001,挪超,lg-nor,,2.71,0.49,21.0,2.0,9.0,1.0,,,,,,,,,,,2.2199999999999998,19.0,8.0,,,,3-0（1-0）,主胜,胜胜,3,3,0,1.0,0.0,no,no,no,
2026-07-23,002,挪超,lg-nor,,0.97,1.36,13.0,11.0,,,,,,,,,,,,,-0.3900000000000001,2.0,,,,,1-2（0-1）,客胜,负负,3,1,2,0.0,1.0,ok,no,no,
2026-07-23,003,美职联,lg-mls,,2.29,1.84,14.0,15.0,7.0,4.0,8.0,4.0,,,,,,,,,0.44999999999999996,-1.0,3.0,4.0,,,3-2（1-1）,主胜,平胜,5,3,2,1.0,1.0,no,no,no,
2026-07-23,004,巴甲,lg-bras,,0.94,1.32,13.0,10.0,3.0,6.0,5.0,3.0,,,,,,,,,-0.3800000000000001,3.0,-3.0,2.0,,,0-4（0-2）,客胜,负负,4,0,4,0.0,2.0,no,no,no,
2026-07-23,005,巴甲,lg-bras,,0.9,2.05,18.0,11.0,,,,,,,,,,,,,-1.15,7.0,,,,,1-2（1-0）,客胜,胜负,3,1,2,1.0,0.0,no,no,no,
2026-07-23,006,美职联,lg-mls,,2.71,1.16,29.0,12.0,6.0,3.0,12.0,7.0,,,,,,,,,1.55,17.0,3.0,5.0,,,3-1（2-0）,主胜,胜胜,4,3,1,2.0,0.0,ok,no,no,
2026-07-23,007,欧冠资格赛,lg-ucl,,,,25.0,2.0,10.0,0.0,11.0,2.0,,,,,,,,,,23.0,10.0,9.0,,,1-0（1-0）,主胜,胜胜,1,1,0,1.0,0.0,no,no,no,
2026-07-23,008,巴甲,lg-bras,,1.66,0.18,15.0,3.0,,,,,,,,,,,,,1.48,12.0,,,,,3-0（3-0）,主胜,胜胜,3,3,0,3.0,0.0,ok,no,no,
2026-07-23,009,巴甲,lg-bras,,,,19.0,5.0,6.0,1.0,9.0,3.0,,,,,,,,,,14.0,5.0,6.0,,,0-0（0-0）,平,平平,0,0,0,0.0,0.0,no,no,no,
2026-07-24,001,欧联资格赛,lg-uel,,,,12.0,6.0,6.0,4.0,5.0,2.0,,,,,,,,,,6.0,2.0,3.0,,,1-1（0-1）,平,负平,2,1,1,0.0,1.0,no,no,no,
2026-07-24,002,欧联资格赛,lg-uel,,,,17.0,14.0,6.0,4.0,6.0,5.0,,,,,,,,,,3.0,2.0,1.0,,,2-1（1-1）,主胜,平胜,3,2,1,1.0,1.0,no,no,no,
2026-07-24,003,欧联资格赛,lg-uel,,,,28.0,5.0,7.0,1.0,5.0,2.0,,,,,,,,,,23.0,6.0,3.0,,,1-0（1-0）,主胜,胜胜,1,1,0,1.0,0.0,no,ok,no,
2026-07-24,004,欧联资格赛,lg-uel,,,,18.0,9.0,7.0,2.0,4.0,4.0,,,,,,,,,,9.0,5.0,0.0,,,1-2（1-1）,客胜,平负,3,1,2,1.0,1.0,no,no,no,
2026-07-24,005,欧联资格赛,lg-uel,,,,,,,,,,,,,,,,,,,,,,,,2-0（0-0）,主胜,平胜,2,2,0,0.0,0.0,ok,ok,no,
2026-07-25,001,韩职,lg-k1,,1.39,2.62,15.0,12.0,,,,,,,,,,,,,-1.2300000000000002,3.0,,,,,3-2（1-1）,主胜,平胜,5,3,2,1.0,1.0,no,no,ok,
2026-07-25,002,韩职,lg-k1,,2.09,1.54,17.0,10.0,,,,,,,,,,,,,0.5499999999999998,7.0,,,,,0-2（0-0）,客胜,平负,2,0,2,0.0,0.0,no,no,ok,
2026-07-25,003,瑞超,lg-swe,,0.93,1.8,12.0,18.0,,,,,,,,,,,,,-0.87,-6.0,,,,,0-1（0-1）,客胜,负负,1,0,1,0.0,1.0,ok,ok,ok,
2026-07-25,004,芬超,lg-fin,,,,18.0,16.0,7.0,7.0,,,,,,,,,,,,2.0,0.0,,,,1-1（1-0）,平,胜平,2,1,1,1.0,0.0,no,no,no,
2026-07-25,005,挪超,lg-nor,,0.5,1.69,7.0,22.0,,,,,,,,,,,,,-1.19,-15.0,,,,,1-2（1-1）,客胜,平负,3,1,2,1.0,1.0,no,no,no,
2026-07-25,006,芬超,lg-fin,,,,14.0,9.0,6.0,3.0,,,,,,,,,,,,5.0,3.0,,,,3-1（3-0）,主胜,胜胜,4,3,1,3.0,0.0,ok,ok,ok,
2026-07-25,007,瑞超,lg-swe,,0.67,0.32,7.0,6.0,,,,,,,,,,,,,0.35000000000000003,1.0,,,,,2-1（1-1）,主胜,平胜,3,2,1,1.0,1.0,ok,ok,ok,
2026-07-25,008,芬超,lg-fin,,,,10.0,21.0,4.0,4.0,,,,,,,,,,,,-11.0,0.0,,,,2-1（1-0）,主胜,胜胜,3,2,1,1.0,0.0,no,no,no,
2026-07-25,009,瑞超,lg-swe,,2.65,0.69,14.0,13.0,,,,,,,,,,,,,1.96,1.0,,,,,2-0（1-0）,主胜,胜胜,2,2,0,1.0,0.0,ok,ok,ok,
2026-07-26,001,韩职,lg-k1,,1.55,1.57,19.0,8.0,,,,,,,,,,,,,-0.020000000000000018,11.0,,,,,1-3（0-2）,客胜,负负,4,1,3,0.0,2.0,no,no,no,
2026-07-26,002,韩职,lg-k1,,1.71,1.05,15.0,8.0,,,,,,,,,,,,,0.6599999999999999,7.0,,,,,1-1（0-1）,平,负平,2,1,1,0.0,1.0,no,ok,no,
2026-07-26,003,韩职,lg-k1,,1.37,2.41,8.0,31.0,,,,,,,,,,,,,-1.04,-23.0,,,,,1-2（1-1）,客胜,平负,3,1,2,1.0,1.0,ok,ok,ok,
2026-07-26,004,韩职,lg-k1,,1.82,2.4,12.0,19.0,,,,,,,,,,,,,-0.5799999999999998,-7.0,,,,,2-1（2-0）,主胜,胜胜,3,2,1,2.0,0.0,no,no,no,
2026-07-26,005,瑞超,lg-swe,,0.31,1.89,6.0,24.0,,,,,,,,,,,,,-1.5799999999999998,-18.0,,,,,1-1（0-0）,平,平平,2,1,1,0.0,0.0,ok,ok,ok,
2026-07-26,006,瑞超,lg-swe,,2.25,1.69,13.0,12.0,,,,,,,,,,,,,0.56,1.0,,,,,4-1（2-1）,主胜,胜胜,5,4,1,2.0,1.0,no,no,ok,
2026-07-26,007,芬超,lg-fin,,,,25.0,9.0,7.0,2.0,,,,,,,,,,,,16.0,5.0,,,,1-2（0-2）,客胜,负负,3,1,2,0.0,2.0,ok,ok,ok,
2026-07-26,008,芬超,lg-fin,,,,9.0,10.0,3.0,2.0,,,,,,,,,,,,-1.0,1.0,,,,1-0（1-0）,主胜,胜胜,1,1,0,1.0,0.0,ok,ok,ok,
2026-07-26,009,挪超,lg-nor,,2.46,2.91,16.0,19.0,,,,,,,,,,,,,-0.4500000000000002,-3.0,,,,,2-3（0-3）,客胜,负负,5,2,3,0.0,3.0,no,no,no,
2026-07-26,010,芬超,lg-fin,,,,13.0,11.0,4.0,6.0,,,,,,,,,,,,2.0,-2.0,,,,1-0（1-0）,主胜,胜胜,1,1,0,1.0,0.0,ok,ok,ok,
2026-07-26,011,瑞超,lg-swe,,,,17.0,6.0,6.0,4.0,,,,,,,,,,,,11.0,2.0,,,,1-1（0-0）,平,平平,2,1,1,0.0,0.0,no,no,ok,
2026-07-26,012,瑞超,lg-swe,,0.95,1.13,12.0,9.0,,,,,,,,,,,,,-0.17999999999999994,3.0,,,,,1-2（1-2）,客胜,负负,3,1,2,1.0,2.0,ok,ok,ok,
2026-07-26,013,挪超,lg-nor,,1.82,1.72,12.0,14.0,,,,,,,,,,,,,0.10000000000000009,-2.0,,,,,1-0（1-0）,主胜,胜胜,1,1,0,1.0,0.0,ok,ok,ok,
2026-07-26,014,挪超,lg-nor,,0.62,3.25,7.0,16.0,,,,,,,,,,,,,-2.63,-9.0,,,,,0-3（0-1）,客胜,负负,3,0,3,0.0,1.0,ok,ok,ok,
2026-07-26,015,挪超,lg-nor,,0.44,4.38,8.0,19.0,,,,,,,,,,,,,-3.94,-11.0,,,,,2-4（1-1）,客胜,平负,6,2,4,1.0,1.0,ok,no,ok,
2026-07-26,016,巴甲,lg-bras,,2.8,1.34,14.0,13.0,,,,,,,,,,,,,1.4599999999999997,1.0,,,,,2-0（1-0）,主胜,胜胜,2,2,0,1.0,0.0,ok,no,ok,
2026-07-26,017,巴甲,lg-bras,,1.83,0.97,21.0,5.0,,,,,,,,,,,,,0.8600000000000001,16.0,,,,,2-2（1-0）,平,胜平,4,2,2,1.0,0.0,no,no,ok,
2026-07-26,018,美职联,lg-mls,,1.29,0.48,19.0,6.0,,,,,,,,,,,,,0.81,13.0,,,,,1-0（0-0）,主胜,平胜,1,1,0,0.0,0.0,no,no,ok,
2026-07-26,019,美职联,lg-mls,,3.22,1.29,19.0,9.0,5.0,2.0,,,,,,,,,,,1.9300000000000002,10.0,3.0,,,,1-1（0-1）,平,负平,2,1,1,0.0,1.0,no,no,no,
2026-07-27,001,巴甲,lg-bras,,2.01,0.5,18.0,4.0,6.0,1.0,5.0,2.0,,,,,,,,,1.5099999999999998,14.0,5.0,3.0,,,1-1（0-0）,平,平平,2,1,1,0.0,0.0,no,no,ok,
2026-07-27,002,巴甲,lg-bras,,1.28,1.07,12.0,7.0,5.0,3.0,9.0,2.0,,,,,,,,,0.20999999999999996,5.0,2.0,7.0,,,1-1（0-0）,平,平平,2,1,1,0.0,0.0,ok,ok,ok,
2026-07-27,003,挪超,lg-nor,,1.88,2.24,19.0,22.0,7.0,7.0,4.0,10.0,,,,,,,,,-0.3600000000000003,-3.0,0.0,-6.0,,,1-1（0-1）,平,负平,2,1,1,0.0,1.0,no,no,ok,
2026-07-28,001,欧冠资格赛,lg-ucl,,,,7.0,8.0,2.0,4.0,8.0,5.0,,,,,,,,,,-1.0,-2.0,3.0,,,0-2（0-0）,客胜,平负,2,0,2,0.0,0.0,ok,no,ok,
2026-07-28,002,瑞超,lg-swe,,2.58,0.36,18.0,5.0,,,,,,,,,,,,,2.22,13.0,,,,,0-0（0-0）,平,平平,0,0,0,0.0,0.0,no,no,ok,
2026-07-28,003,挪超,lg-nor,,2.86,0.63,24.0,7.0,,,,,,,,,,,,,2.23,17.0,,,,,4-0（2-0）,主胜,胜胜,4,4,0,2.0,0.0,ok,no,ok,
2026-07-29,002,欧冠资格赛,lg-ucl,,,,25.0,2.0,10.0,0.0,11.0,2.0,,,,,,,,,,23.0,10.0,9.0,,,1-0（1-0）,主胜,胜胜,1,1,0,1.0,0.0,ok,ok,ok,
2026-07-29,003,欧冠资格赛,lg-ucl,,0.68,2.47,15.0,17.0,4.0,9.0,8.0,2.0,,,,,,,,,-1.79,-2.0,-5.0,6.0,,,0-2（0-0）,客胜,平负,2,0,2,0.0,0.0,ok,no,ok,
2026-07-30,001,欧冠,lg-ucl,,2.38,2.27,18.0,14.0,,,,,,,,,,,,,0.10999999999999988,4.0,,,,,0-3（0-1）,客胜,负负,3,0,3,0.0,1.0,no,no,no,
2026-07-30,002,巴甲,lg-bras,,1.35,0.9,8.0,13.0,4.0,2.0,6.0,3.0,,,,,,,,,0.45000000000000007,-5.0,2.0,3.0,,,2-1（1-1）,主胜,平胜,3,2,1,1.0,1.0,ok,ok,ok,
2026-07-30,003,巴甲,lg-bras,,1.24,1.34,16.0,14.0,,,,,,,,,,,,,-0.10000000000000009,2.0,,,,,1-1（1-0）,平,胜平,2,1,1,1.0,0.0,no,no,no,
2026-07-30,004,巴甲,lg-bras,,2.23,0.34,25.0,10.0,11.0,0.0,8.0,1.0,,,,,,,,,1.89,15.0,11.0,7.0,,,0-0（0-0）,平,平平,0,0,0,0.0,0.0,no,no,ok,
2026-07-30,005,巴甲,lg-bras,,0.48,1.39,10.0,16.0,,,,,,,,,,,,,-0.9099999999999999,-6.0,,,,,0-4（0-2）,客胜,负负,4,0,4,0.0,2.0,ok,no,ok,
2026-07-31,001,欧联资格赛,lg-uel,,1.28,1.88,16.0,14.0,,,,,,,,,,,,,-0.5999999999999999,2.0,,,,,0-2（0-0）,客胜,平负,2,0,2,0.0,0.0,no,no,no,
2026-07-31,002,欧联资格赛,lg-uel,,,,26.0,8.0,9.0,2.0,9.0,2.0,,,,,,,,,,18.0,7.0,7.0,,,2-0（1-0）,主胜,胜胜,2,2,0,1.0,0.0,no,no,no,
2026-07-31,003,欧联资格赛,lg-uel,,,,18.0,6.0,6.0,2.0,10.0,0.0,,,,,,,,,,12.0,4.0,10.0,,,3-1（0-1）,主胜,负胜,4,3,1,0.0,1.0,no,no,no,
2026-07-31,004,欧联资格赛,lg-uel,,1.76,1.31,6.0,21.0,,,,,,,,,,,,,0.44999999999999996,-15.0,,,,,2-2,平,,4,2,2,,,no,no,no,
2026-07-31,005,欧联资格赛,lg-uel,,4.01,1.04,25.0,11.0,,,,,,,,,,,,,2.9699999999999998,14.0,,,,,5-0（1-0）,主胜,胜胜,5,5,0,1.0,0.0,ok,no,ok,
2026-07-31,006,巴甲,lg-bras,,1.34,0.58,7.0,4.0,,,,,,,,,,,,,0.7600000000000001,3.0,,,,,0-0（0-0）,平,平平,0,0,0,0.0,0.0,ok,no,ok,
2026-09-06,013,西甲,lg-laliga,,0.67,4.05,3.0,25.0,2.0,10.0,,,,,,,32.0,,3.0,-0.5,-3.38,-22.0,-8.0,,,,0-5（0-2）,客胜,负负,5,0,5,0.0,2.0,ok,no,ok,no
2026-09-06,014,葡超,lg-prime,,1.8,0.32,16.0,5.0,6.0,3.0,,,,,,,25.0,,2.0,-0.077,1.48,11.0,3.0,,,,4-0（1-0）,主胜,胜胜,4,4,0,1.0,0.0,ok,no,ok,no
2026-09-06,015,挪超,lg-nor,,1.81,0.18,24.0,5.0,6.0,1.0,,,,,,,0.0,,9.0,0.0,1.6300000000000001,19.0,5.0,,,,2-0（1-0）,主胜,胜胜,2,2,0,1.0,0.0,ok,no,ok,no
2026-09-06,016,英超,lg-eng,,2.11,0.35,16.0,13.0,9.0,5.0,,,,,,,26.0,,,0.087,1.7599999999999998,3.0,4.0,,,,2-1（1-1）,主胜,平胜,3,2,1,1.0,1.0,ok,ok,ok,ok
2026-09-06,017,德甲,lg-bundes,,1.87,1.29,22.0,17.0,8.0,7.0,,,,,,,24.0,,,0.036,0.5800000000000001,5.0,1.0,,,,1-4（1-0）,客胜,胜负,5,1,4,1.0,0.0,no,no,no,ok
2026-09-06,018,意甲,lg-sa,,1.91,1.4,21.0,15.0,5.0,6.0,,,,,,,5.0,,,0.087,0.51,6.0,-1.0,,,,2-2（0-1）,平,负平,4,2,2,0.0,1.0,ok,no,no,no
2026-09-06,019,西甲,lg-laliga,,1.41,1.82,12.0,7.0,7.0,5.0,,,,,,,30.0,,,-0.2,-0.41000000000000014,5.0,2.0,,,,5-2（2-0）,主胜,胜胜,7,5,2,2.0,0.0,ok,no,ok,no
2026-09-06,020,西甲,lg-laliga,,1.46,0.81,10.0,11.0,3.0,3.0,,,,,,,29.0,,10.0,0.0,0.6499999999999999,-1.0,0.0,,,,0-0（0-0）,平,平平,0,0,0,0.0,0.0,ok,no,no,no
2026-09-06,021,意甲,lg-sa,,1.59,0.11,15.0,3.0,5.0,1.0,,,,,,,28.0,,,0.298,1.48,12.0,4.0,,,,1-1（0-0）,平,平平,2,1,1,0.0,0.0,ok,ok,ok,ok
2026-09-06,022,法甲,lg-ligue1,,1.42,3.29,14.0,18.0,5.0,7.0,,,,,,,26.0,,,,-1.87,-4.0,-2.0,,,,2-3（1-2）,客胜,负负,5,2,3,1.0,2.0,no,no,no,no
2026-09-06,023,西甲,lg-laliga,,1.2,0.47,12.0,6.0,3.0,3.0,,,,,,,1.0,,,-0.471,0.73,6.0,0.0,,,,1-1（0-0）,平,平平,2,1,1,0.0,0.0,ok,ok,no,ok
2026-09-06,024,巴甲,lg-bras,,1.22,1.11,15.0,17.0,4.0,5.0,,,,,,,6.0,,11.0,-0.219,0.10999999999999988,-2.0,-1.0,,,,0-0（0-0）,平,平平,0,0,0,0.0,0.0,ok,no,no,no
2026-09-08,001,韩职,lg-k1,,,,5.0,5.0,1.0,0.0,2.0,6.0,,,,,24.0,,2.0,0.204,,0.0,1.0,-4.0,,,1-0（0-0）,主胜,平胜,1,1,0,0.0,0.0,no,no,no,no
2026-09-08,002,欧冠,lg-ucl,,1.59,0.81,18.0,11.0,4.0,3.0,7.0,3.0,,,,,25.0,,,,0.78,7.0,1.0,4.0,,,1-0（1-0）,主胜,胜胜,1,1,0,1.0,0.0,ok,no,ok,no
2026-09-08,003,欧冠,lg-ucl,1.7,1.46,3.0,14.0,21.0,7.0,9.0,4.0,5.0,,,,,16.0,,2.0,0.6,-1.54,-7.0,-2.0,-1.0,,,2-3（1-3）,客胜,负负,5,2,3,1.0,3.0,no,no,no,no
2026-09-08,004,荷甲,lg-ered,,1.36,1.81,11.0,14.0,3.0,5.0,2.0,4.0,,,,,18.0,,,0.2,-0.44999999999999996,-3.0,-2.0,-2.0,,,2-2（1-1）,平,平平,4,2,2,1.0,1.0,no,no,no,ok
2026-09-08,005,沙职,lg-spl,,,,,,,,,,,,,,37.0,,,-0.312,,,,,,,3-2（3-0）,主胜,胜胜,5,3,2,3.0,0.0,ok,no,ok,no
2026-09-08,006,英冠,lg-champ,,,,,,,,,,,,,,16.0,,,0.579,,,,,,,3-1（2-0）,主胜,胜胜,4,3,1,2.0,0.0,ok,no,ok,no
2026-09-08,007,英联赛杯,lg-champ,,,,,,,,,,,,,,14.0,,,0.0,,,,,,,1-0（0-0）,主胜,平胜,1,1,0,0.0,0.0,ok,ok,ok,ok
2026-09-08,008,欧冠,lg-ucl,,,,,,,,,,,,,,30.0,,2.0,0.857,,,,,,,2-1（2-0）,主胜,胜胜,3,2,1,2.0,0.0,ok,ok,ok,ok
2026-09-08,009,欧冠,lg-ucl,,,,,,,,,,,,,,19.0,,5.0,0.0,,,,,,,3-2（0-0）,主胜,平胜,5,3,2,0.0,0.0,ok,no,no,
2026-09-08,010,欧冠,lg-ucl,,,,,,,,,,,,,,16.0,,9.0,0.0,,,,,,,2-3（2-1）,客胜,胜负,5,2,3,2.0,1.0,no,no,no,
2026-09-08,011,欧冠,lg-ucl,,,,,,,,,,,,,,20.0,,,-0.75,,,,,,,0-2（0-0）,客胜,平负,2,0,2,0.0,0.0,no,no,no,ok
2026-09-08,012,解放者杯,lg-copaLib,,,,,,,,,,,,,,21.0,,0.0,0.2,,,,,,,2-0（2-0）,主胜,胜胜,2,2,0,2.0,0.0,ok,no,no,ok
2026-09-13,022,葡超,lg-prime,3.05,0.35,2.07,5.0,15.0,2.0,5.0,4.0,4.0,1.0,5.0,1.0,5.0,26.0,0.0,12.0,-0.588,-1.7199999999999998,-10.0,-3.0,0.0,-4.0,-4.0,1-1（0-0）,平,平平,2,1,1,0.0,0.0,no,no,no,no
