kx,black,weak,hot4,early,date,no,yc,lgc,act_balls,dir_hit,ht_hit,ou_hit,lam,dir_txt,act_main,act_away,side,ht_side,rain,rank_gap,inj,off_a,def_a,off_b,def_b,h2h_score
0,0,0,0,0,2026-08-12,003,1,lg-ucl,4.0,1,1,,,胜（A级）,2.0,2.0,0.0,0.0,,,,,,,,
0,0,0,0,0,2026-08-12,004,1,lg-ucl,4.0,1,1,,,胜/平（B级）,4.0,0.0,1.0,0.0,,,,,,,,
0,0,0,0,0,2026-08-12,005,1,lg-ucl,2.0,1,1,,,平/负（B级）,1.0,1.0,0.0,0.0,,,,,,,,
0,0,0,0,0,2026-08-12,006,1,lg-ucl,2.0,0,0,,,平/负（B级）,2.0,0.0,1.0,0.0,,,,,,,,
0,0,0,0,0,2026-08-12,007,1,lg-ucl,2.0,1,1,,,胜（B级）,2.0,0.0,1.0,0.0,,,,,,,,
0,0,0,0,0,2026-08-12,008,1,lg-ucl,1.0,1,1,,,负/平（B级）,0.0,1.0,2.0,0.0,,,,,,,,
0,0,0,0,0,2026-08-12,009,1,lg-ucl,3.0,1,1,,,胜（B级）,3.0,0.0,1.0,1.0,,,,,,,,
0,0,0,0,0,2026-08-13,001,1,lg-ucl,3.0,0,0,,,平/负（B级）,2.0,1.0,1.0,0.0,,,,,,,,
0,0,0,0,0,2026-08-13,002,1,lg-bras,2.0,1,0,,,平/负（B级）,1.0,1.0,0.0,1.0,,,,,,,,
0,0,0,0,0,2026-08-13,003,1,lg-bras,2.0,1,1,,,胜/平（B级）,1.0,1.0,0.0,0.0,,,,,,,,
0,0,0,0,0,2026-08-05,001,1,lg-bras,1.0,1,1,,,平/负（B级）,0.0,1.0,2.0,0.0,,,,,,,,
0,0,0,0,0,2026-08-05,002,1,lg-ucl,3.0,1,1,,,平/负（B级）,1.0,2.0,2.0,0.0,,,,,,,,
0,0,0,0,0,2026-08-05,003,1,lg-ucl,0.0,0,1,,,胜（A级）,0.0,0.0,0.0,0.0,,,,,,,,
0,0,0,0,0,2026-08-05,004,1,lg-ucl,6.0,1,1,,,平/负（B级）,3.0,3.0,0.0,0.0,,,,,,,,
0,0,0,0,0,2026-08-05,005,1,lg-ucl,3.0,0,0,,,负（A级）,2.0,1.0,1.0,2.0,,,,,,,,
0,0,0,0,0,2026-08-01,001,1,lg-nor,3.0,0,0,,,胜（B级）,0.0,3.0,2.0,2.0,,,,,,,,
0,0,0,0,0,2026-08-01,002,1,lg-nor,4.0,1,1,,,胜（A级）,4.0,0.0,1.0,1.0,,,,,,,,
0,0,0,0,0,2026-08-01,003,1,lg-mls,2.0,0,1,,,胜（A级）,1.0,1.0,0.0,0.0,,,,,,,,
0,0,0,0,0,2026-08-01,004,1,lg-k1,3.0,0,0,,,胜（A级）,0.0,3.0,2.0,2.0,,,,,,,,
0,0,0,0,0,2026-08-01,005,1,lg-k1,0.0,1,1,,,平/让平（B级）,0.0,0.0,0.0,0.0,,,,,,,,
0,0,0,0,0,2026-08-01,006,1,lg-k1,1.0,1,1,,,平/负（B级）,0.0,1.0,2.0,0.0,,,,,,,,
0,0,0,0,0,2026-08-01,007,1,lg-fin,3.0,1,1,,,胜（A级）,3.0,0.0,1.0,1.0,,,,,,,,
0,0,0,0,0,2026-08-01,008,1,lg-swe,2.0,0,1,,,胜（A级）,1.0,1.0,0.0,0.0,,,,,,,,
0,0,0,0,0,2026-08-01,009,1,lg-nor,1.0,1,1,,,胜/平（B级）,1.0,0.0,1.0,1.0,,,,,,,,
0,0,0,0,0,2026-08-01,010,1,lg-fin,2.0,1,1,,,胜（A级）,2.0,0.0,1.0,1.0,,,,,,,,
0,0,0,0,0,2026-08-02,001,1,lg-k1,4.0,1,1,,,胜（A级）,3.0,1.0,1.0,0.0,,,,,,,,
0,0,0,0,0,2026-08-02,002,1,lg-k1,6.0,0,1,,,胜（B级）,3.0,3.0,0.0,0.0,,,,,,,,
0,0,0,0,0,2026-08-02,003,1,lg-k1,2.0,1,1,,,胜（B级）,2.0,0.0,1.0,0.0,,,,,,,,
0,0,0,0,0,2026-08-02,004,1,lg-swe,3.0,1,1,,,负（A级）,1.0,2.0,2.0,0.0,,,,,,,,
0,0,0,0,0,2026-08-02,005,1,lg-swe,2.0,1,1,,,胜（A级）,2.0,0.0,1.0,1.0,,,,,,,,
0,0,0,0,0,2026-08-02,006,1,lg-fin,1.0,1,1,,,负/平（B级）,0.0,1.0,2.0,2.0,,,,,,,,
0,0,0,0,0,2026-08-02,007,1,lg-fin,1.0,1,1,,,平/胜（B级）,1.0,0.0,1.0,0.0,,,,,,,,
0,0,0,0,0,2026-08-02,008,1,lg-swe,3.0,0,0,,,胜（B级）,0.0,3.0,2.0,2.0,,,,,,,,
0,0,0,0,0,2026-08-02,009,1,lg-nor,3.0,1,1,,,胜/平（B级）,2.0,1.0,1.0,1.0,,,,,,,,
0,0,0,0,0,2026-08-02,010,1,lg-nor,6.0,1,1,,,平/负（B级）,3.0,3.0,0.0,0.0,,,,,,,,
0,0,0,0,0,2026-08-02,011,1,lg-nor,8.0,0,1,,,平/负（B级）,2.0,6.0,2.0,0.0,,,,,,,,
0,0,0,0,0,2026-08-02,015,1,lg-nor,3.0,1,1,,,负（A级）,0.0,3.0,2.0,2.0,,,,,,,,
0,0,0,0,0,2026-08-02,016,1,lg-fin,1.0,1,1,,,负/平（B级）,0.0,1.0,2.0,2.0,,,,,,,,
0,0,0,0,0,2026-08-02,017,1,lg-mls,4.0,1,0,,,胜/平（B级）,2.0,2.0,0.0,1.0,,,,,,,,
0,0,0,0,0,2026-08-02,018,1,lg-mls,2.0,1,0,,,胜/平（B级）,1.0,1.0,0.0,2.0,,,,,,,,
0,0,0,0,0,2026-08-02,019,1,lg-bras,0.0,0,1,,,胜（A级）,0.0,0.0,0.0,0.0,,,,,,,,
0,0,0,0,0,2026-08-02,020,1,lg-mls,3.0,1,1,,,胜（B级）,2.0,1.0,1.0,0.0,,,,,,,,
0,0,0,0,0,2026-08-02,021,1,lg-mls,2.0,0,1,,,胜（A级）,1.0,1.0,0.0,0.0,,,,,,,,
0,0,0,0,0,2026-08-02,022,1,lg-mls,0.0,1,1,,,平/负（B级）,0.0,0.0,0.0,0.0,,,,,,,,
0,0,0,0,0,2026-08-02,023,1,lg-mls,3.0,1,1,,,胜（A级）,2.0,1.0,1.0,0.0,,,,,,,,
0,0,0,0,0,2026-08-03,012,1,lg-nor,5.0,0,0,,,负/平（B级）,3.0,2.0,1.0,1.0,,,,,,,,
0,0,0,0,0,2026-08-03,013,1,lg-bras,2.0,0,1,,,胜（A级）,1.0,1.0,0.0,1.0,,,,,,,,
0,0,0,0,0,2026-08-03,014,1,lg-bras,2.0,1,1,,,平/胜（B级）,2.0,0.0,1.0,0.0,,,,,,,,
0,0,0,0,0,2026-08-04,001,1,lg-fin,3.0,0,1,,,负（A级）,3.0,0.0,1.0,0.0,,,,,,,,
0,0,0,0,0,2026-08-04,002,1,lg-swe,2.0,1,1,,,负（A级）,0.0,2.0,2.0,2.0,,,,,,,,
0,0,0,0,0,2026-08-04,003,1,lg-swe,6.0,1,1,,,胜/平（B级）,6.0,0.0,1.0,1.0,,,,,,,,
0,0,0,0,0,2026-08-04,004,1,lg-bras,2.0,1,1,,,胜（A级）,2.0,0.0,1.0,1.0,,,,,,,,
0,0,0,0,0,2026-08-07,001,1,lg-j1,7.0,1,0,,,负（A级）,3.0,4.0,2.0,1.0,,,,,,,,
0,0,0,0,0,2026-08-07,002,1,lg-j1,7.0,0,0,,,负（B级）,4.0,3.0,1.0,1.0,,,,,,,,
0,0,0,0,0,2026-08-07,003,1,lg-fin,4.0,1,0,,,胜/平（B级）,2.0,2.0,0.0,2.0,,,,,,,,
0,0,0,0,0,2026-08-07,004,1,lg-nor,1.0,0,0,,,胜（B级）,0.0,1.0,2.0,2.0,,,,,,,,
0,0,0,0,0,2026-08-07,005,1,lg-ered,4.0,1,1,,,负（A级）,0.0,4.0,2.0,2.0,,,,,,,,
0,0,0,0,0,2026-08-07,006,1,lg-eers,3.0,1,0,,,负（B级）,1.0,2.0,2.0,1.0,,,,,,,,
0,0,0,0,0,2026-08-07,007,1,lg-eers,1.0,0,0,,,负/平（B级）,1.0,0.0,1.0,0.0,,,,,,,,
0,0,0,0,0,2026-08-07,008,1,lg-bundes2,1.0,0,0,,,胜/平（B级）,0.0,1.0,2.0,2.0,,,,,,,,
0,0,0,0,0,2026-08-07,009,1,lg-champ,1.0,1,1,,,胜（A级）,1.0,0.0,1.0,0.0,,,,,,,,
0,0,0,0,0,2026-08-07,010,1,lg-prime,2.0,0,0,,,负（A级）,1.0,1.0,0.0,2.0,,,,,,,,
0,0,0,0,0,2026-08-07,011,1,lg-bras,4.0,0,0,,,负/平（B级）,4.0,0.0,1.0,1.0,,,,,,,,
0,0,0,0,0,2026-08-07,012,1,lg-uel,3.0,1,1,,,胜/平（B级）,2.0,1.0,1.0,1.0,,,,,,,,
0,0,0,0,0,2026-08-07,013,1,lg-uel,1.0,0,0,,,胜/平（B级）,0.0,1.0,2.0,2.0,,,,,,,,
0,0,0,0,0,2026-08-07,014,1,lg-uel,7.0,1,1,,,胜（A级）,6.0,1.0,1.0,1.0,,,,,,,,
0,0,0,0,0,2026-08-08,001,1,lg-j1,3.0,1,1,,,胜（A级）,2.0,1.0,1.0,1.0,,,,,,,,
0,0,0,0,0,2026-08-08,002,1,lg-j2,1.0,1,1,,,平/胜（B级）,1.0,0.0,1.0,1.0,,,,,,,,
0,0,0,0,0,2026-08-08,003,1,lg-k1,3.0,0,0,,,胜/平（B级）,1.0,2.0,2.0,2.0,,,,,,,,
0,0,0,0,0,2026-08-08,004,1,lg-k1,4.0,0,0,,,胜（A级）,1.0,3.0,2.0,2.0,,,,,,,,
0,0,0,0,0,2026-08-08,005,1,lg-k1,0.0,1,1,,,负/平（B级）,0.0,0.0,0.0,0.0,,,,,,,,
0,0,0,0,0,2026-08-08,006,1,lg-nor,3.0,1,1,,,负（A级）,1.0,2.0,2.0,2.0,,,,,,,,
0,0,0,0,0,2026-08-08,007,1,lg-champ,2.0,1,1,,,负/平（B级）,1.0,1.0,0.0,0.0,,,,,,,,
0,0,0,0,0,2026-08-08,008,1,lg-swe,7.0,0,0,,,胜/平（B级）,3.0,4.0,2.0,1.0,,,,,,,,
0,0,0,0,0,2026-08-08,009,1,lg-champ,4.0,1,1,,,胜（A级）,3.0,1.0,1.0,1.0,,,,,,,,
0,0,0,0,0,2026-08-08,010,1,lg-champ,1.0,1,1,,,负/平（B级）,0.0,1.0,2.0,2.0,,,,,,,,
0,0,0,0,0,2026-08-08,011,1,lg-nor,3.0,1,1,,,胜（B级）,2.0,1.0,1.0,1.0,,,,,,,,
0,0,0,0,0,2026-08-08,012,1,lg-ered,3.0,0,0,,,胜（B级）,1.0,2.0,2.0,2.0,,,,,,,,
0,0,0,0,0,2026-08-08,013,1,lg-prime,1.0,1,1,,,胜,1.0,0.0,1.0,0.0,,,,,,,,
0,0,0,0,0,2026-08-08,014,1,lg-swe,1.0,1,1,,,负/平（B级）,0.0,1.0,2.0,2.0,,,,,,,,
0,0,0,0,0,2026-08-08,015,1,lg-fin,4.0,1,1,,,负/平（B级）,1.0,3.0,2.0,2.0,,,,,,,,
0,0,0,0,0,2026-08-08,016,1,lg-ered,5.0,1,0,,,胜（B级）,4.0,1.0,1.0,0.0,,,,,,,,
0,0,0,0,0,2026-08-08,017,1,lg-prime,1.0,0,0,,,胜,0.0,1.0,2.0,0.0,,,,,,,,
0,0,0,0,0,2026-08-08,018,1,lg-ered,4.0,0,0,,,胜（A级）,2.0,2.0,0.0,2.0,,,,,,,,
0,0,0,0,0,2026-08-08,019,1,lg-l2,1.0,1,1,,,负/平（B级）,0.0,1.0,2.0,2.0,,,,,,,,
0,0,0,0,0,2026-08-08,020,1,lg-l2,2.0,0,1,,,胜（B级）,1.0,1.0,0.0,0.0,,,,,,,,
0,0,0,0,0,2026-08-08,021,1,lg-l2,1.0,0,1,,,胜（B级）,0.0,1.0,2.0,0.0,,,,,,,,
0,0,0,0,0,2026-08-08,022,1,lg-ered,2.0,1,1,,,胜（B级）,2.0,0.0,1.0,0.0,,,,,,,,
0,0,0,0,0,2026-08-08,023,1,lg-bras,3.0,1,0,,,胜/平（B级）,2.0,1.0,1.0,2.0,,,,,,,,
0,0,0,0,0,2026-08-08,024,1,lg-prime,4.0,0,1,,,负（A级）,2.0,2.0,0.0,0.0,,,,,,,,
0,0,0,0,0,2026-08-08,025,1,lg-bras,2.0,1,1,,,平/胜（B级）,1.0,1.0,0.0,1.0,,,,,,,,
0,0,0,0,0,2026-08-06,001,1,lg-bras,4.0,0,0,,,胜/平（B级）,1.0,3.0,2.0,2.0,,,,,,,,
0,0,0,0,0,2026-08-06,002,1,lg-ucl,3.0,0,0,,,平/负（B级）,2.0,1.0,1.0,1.0,,,,,,,,
0,0,0,0,0,2026-08-06,003,1,lg-ucl,2.0,1,1,,,胜（A级）,2.0,0.0,1.0,1.0,,,,,,,,
0,0,0,0,0,2026-08-06,004,1,lg-uel,2.0,1,0,,,平/负（B级）,1.0,1.0,0.0,2.0,,,,,,,,
0,0,0,0,0,2026-08-09,001,1,lg-j1,2.0,1,1,,,平/胜（B级）,1.0,1.0,0.0,0.0,,,,,,,,
0,0,0,0,0,2026-08-09,002,1,lg-j1,3.0,0,0,,,平/负（B级）,2.0,1.0,1.0,1.0,,,,,,,,
0,0,0,0,0,2026-08-09,003,1,lg-j2,2.0,0,0,,,负/平（B级）,2.0,0.0,1.0,1.0,,,,,,,,
0,0,0,0,0,2026-08-09,004,1,lg-ered,1.0,1,1,,,平/负（B级）,0.0,1.0,2.0,2.0,,,,,,,,
0,0,0,0,0,2026-08-09,005,1,lg-bundes2,2.0,1,1,,,胜/平（B级）,1.0,1.0,0.0,0.0,,,,,,,,
0,0,0,0,0,2026-08-09,006,1,lg-bundes2,3.0,1,1,,,胜（B级）,3.0,0.0,1.0,1.0,,,,,,,,
0,0,0,0,0,2026-08-09,007,1,lg-swe,3.0,1,1,,,胜（A级）,3.0,0.0,1.0,1.0,,,,,,,,
0,0,0,0,0,2026-08-09,008,1,lg-fin,2.0,1,0,,,平/负（B级）,1.0,1.0,0.0,1.0,,,,,,,,
0,0,0,0,0,2026-08-09,011,1,lg-nor,,0,0,,,胜/平（B级）,,,,,,,,,,,,
0,0,0,0,0,2026-08-09,012,1,lg-fin,0.0,1,1,,,平/负（B级）,0.0,0.0,0.0,0.0,,,,,,,,
0,0,0,0,0,2026-08-09,013,1,lg-swe,2.0,0,0,,,平/胜（B级）,0.0,2.0,2.0,0.0,,,,,,,,
0,0,0,0,0,2026-08-09,014,1,lg-swe,5.0,1,1,,,胜（B级）,3.0,2.0,1.0,0.0,,,,,,,,
0,0,0,0,0,2026-08-09,016,1,lg-nor,2.0,1,0,,,平/负（B级）,1.0,1.0,0.0,2.0,,,,,,,,
0,0,0,0,0,2026-08-10,017,1,lg-fin,1.0,1,1,,,负（B级）,0.0,1.0,2.0,2.0,,,,,,,,
0,0,0,0,0,2026-08-10,018,1,lg-prime,2.0,1,1,,,胜（A级）,2.0,0.0,1.0,1.0,,,,,,,,
0,0,0,0,0,2026-08-10,019,1,lg-nor,3.0,0,0,,,平/负（B级）,2.0,1.0,1.0,1.0,,,,,,,,
0,0,0,0,0,2026-08-10,020,1,lg-prime,,0,0,,,胜（A级）,,,,,,,,,,,,
0,0,0,0,0,2026-08-10,021,1,lg-prime,1.0,1,1,,,平/胜（B级）,1.0,0.0,1.0,0.0,,,,,,,,
0,0,0,0,0,2026-08-10,022,1,lg-prime,4.0,1,1,,,负/平（B级）,2.0,2.0,0.0,0.0,,,,,,,,
0,0,0,0,0,2026-08-10,023,1,lg-bras,,1,1,,,负/平（B级）,,,,,,,,,,,,
0,0,0,0,0,2026-08-10,024,1,lg-bras,,1,1,,,胜（A级）,,,,,,,,,,,,
0,0,0,0,0,2026-08-11,001,1,lg-swe,1.0,0,0,,,负（A级）,1.0,0.0,1.0,1.0,,,,,,,,
0,0,0,0,0,2026-08-11,002,1,lg-swe,4.0,0,1,,,胜（A级）,2.0,2.0,0.0,0.0,,,,,,,,
0,0,0,0,0,2026-08-11,003,1,lg-prime,4.0,1,1,,,平/胜（B级）,2.0,2.0,0.0,0.0,,,,,,,,
0,0,0,0,0,2026-08-11,004,1,lg-k1,0.0,1,1,,,胜/平（B级）,0.0,0.0,0.0,0.0,,,,,,,,
0,0,0,0,0,2026-08-11,005,1,lg-ucl,1.0,1,1,,,平/负（B级）,0.0,1.0,2.0,2.0,,,,,,,,
0,0,1,1,0,2026-08-14,001,1,lg-j1,4.0,1,0,,,负/平（B级）,1.0,3.0,2.0,0.0,,,,,,,,
0,0,0,0,0,2026-08-14,002,1,lg-fin,4.0,0,0,,,胜（A级）,1.0,3.0,2.0,2.0,,,,,,,,
0,0,0,1,0,2026-08-14,003,1,lg-bundes2,4.0,1,0,,,平/胜（B级）,2.0,2.0,0.0,2.0,,,,,,,,
0,0,0,0,0,2026-08-14,004,1,lg-bundes2,1.0,0,0,,,胜/平（B级）,0.0,1.0,2.0,2.0,,,,,,,,
0,0,0,0,0,2026-08-14,005,1,lg-spl,3.0,1,1,,,胜（B级）,2.0,1.0,1.0,1.0,,,,,,,,
0,0,0,0,0,2026-08-14,006,1,lg-swe,3.0,1,1,,,胜（A级）,3.0,0.0,1.0,1.0,,,,,,,,
0,0,0,0,0,2026-08-14,007,1,lg-nor,3.0,1,1,,,胜/平（B级）,2.0,1.0,1.0,1.0,,,,,,,,
0,0,0,1,0,2026-08-14,008,1,lg-spl,6.0,1,1,,,胜/平（B级）,4.0,2.0,1.0,0.0,,,,,,,,
0,0,0,0,0,2026-08-14,009,1,lg-spl,6.0,1,1,,,胜（A级）,4.0,2.0,1.0,1.0,,,,,,,,
0,0,0,0,0,2026-08-14,010,1,lg-ered,4.0,0,0,,,胜/平（B级）,1.0,3.0,2.0,2.0,,,,,,,,
0,0,0,0,0,2026-08-14,011,1,lg-eers,4.0,1,0,,,胜/平（B级）,2.0,2.0,0.0,2.0,,,,,,,,
0,0,0,1,0,2026-08-14,012,1,lg-eers,5.0,1,1,,,胜（A级）,3.0,2.0,1.0,1.0,,,,,,,,
0,0,0,0,0,2026-08-14,013,1,lg-l2,2.0,0,0,,,平/负（B级）,2.0,0.0,1.0,1.0,,,,,,,,
0,0,0,0,0,2026-08-14,014,1,lg-l2,6.0,1,1,,,平/负（B级）,3.0,3.0,0.0,0.0,,,,,,,,
0,0,0,0,0,2026-08-14,015,1,lg-l2,4.0,1,1,,,胜（A级）,3.0,1.0,1.0,1.0,,,,,,,,
0,0,0,1,0,2026-08-14,016,1,lg-champ,4.0,0,1,,,胜（A级）,2.0,2.0,0.0,0.0,,,,,,,,
0,0,0,0,0,2026-08-14,017,1,lg-prime,5.0,1,1,,,胜（A级）,3.0,2.0,1.0,1.0,,,,,,,,
0,0,0,0,0,2026-08-14,018,1,lg-uel,2.0,1,0,,,胜/平（B级）,1.0,1.0,0.0,1.0,,,,,,,,
0,0,0,0,0,2026-08-14,019,1,lg-uel,5.0,1,1,,,胜/平（B级）,3.0,2.0,1.0,0.0,,,,,,,,
0,0,0,0,0,2026-08-14,020,1,lg-uel,2.0,1,1,,,平/负（B级）,1.0,1.0,0.0,0.0,,,,,,,,
0,0,0,0,0,2026-08-14,021,1,lg-bras,2.0,0,1,,,胜（B级）,1.0,1.0,0.0,1.0,,,,,,,,
0,0,0,0,0,2026-08-15,001,1,lg-j1,3.0,1,1,,,胜（A级）,2.0,1.0,1.0,1.0,,,,,,,,
0,0,0,0,0,2026-08-15,003,1,lg-j1,5.0,1,1,,,负/平（B级）,1.0,4.0,2.0,2.0,,,,,,,,
0,0,0,0,0,2026-08-15,004,1,lg-j1,4.0,1,1,,,胜/平（B级）,2.0,2.0,0.0,0.0,,,,,,,,
0,0,0,1,0,2026-08-15,005,1,lg-k1,6.0,1,0,,,胜/平（B级）,4.0,2.0,1.0,2.0,,,,,,,,
0,0,1,0,0,2026-08-15,006,1,lg-k1,3.0,1,1,,,平/负（B级）,1.0,2.0,2.0,2.0,,,,,,,,
0,0,0,0,0,2026-08-15,008,1,lg-champ,3.0,1,0,,,胜/平（B级）,2.0,1.0,1.0,1.0,,,,,,,,
1,0,0,0,0,2026-08-15,009,1,lg-swe,7.0,0,0,,,平/负（B级）,4.0,3.0,1.0,2.0,,,,,,,,
0,0,0,0,0,2026-08-15,010,1,lg-champ,3.0,0,0,,,胜/平（B级）,1.0,2.0,2.0,0.0,,,,,,,,
0,0,0,0,0,2026-08-15,011,1,lg-nor,2.0,1,1,,,负/平（B级）,1.0,1.0,0.0,0.0,,,,,,,,
0,0,0,0,0,2026-08-15,014,1,lg-fin,2.0,0,0,,,负（C级）,2.0,0.0,1.0,1.0,,,,,,,,
0,0,0,0,0,2026-08-15,016,1,lg-champ,0.0,0,0,,,胜（B级）,0.0,0.0,0.0,0.0,,,,,,,,
0,0,0,0,0,2026-08-15,019,1,lg-laliga,3.0,0,0,,,平/负（B级）,3.0,0.0,1.0,0.0,,,,,,,,
1,0,0,0,0,2026-08-15,024,1,lg-laliga,3.0,0,0,,,平/负（B级）,2.0,1.0,1.0,2.0,,,,,,,,
0,0,0,0,0,2026-08-15,026,1,lg-bras,5.0,0,0,,,平/负（B级）,3.0,2.0,1.0,0.0,,,,,,,,
1,0,0,0,0,2026-08-16,003,1,lg-k1,5.0,0,0,,,平/负（B级）,3.0,2.0,1.0,1.0,,,,,,,,
0,0,0,0,0,2026-08-16,004,1,lg-k1,2.0,1,1,,,平/负（B级）,1.0,1.0,0.0,0.0,,,,,,,,
0,0,0,0,0,2026-08-16,005,1,lg-swe,4.0,1,1,,,胜/平（B级）,3.0,1.0,1.0,1.0,,,,,,,,
0,0,0,0,0,2026-08-16,006,1,lg-swe,3.0,0,0,,,负（B级）,3.0,0.0,1.0,1.0,,,,,,,,
0,0,0,0,0,2026-08-16,007,1,lg-swe,4.0,0,0,,,胜（B级）,1.0,3.0,2.0,2.0,,,,,,,,
1,0,0,0,0,2026-08-16,010,1,lg-nor,10.0,1,0,,,平/负（B级）,5.0,5.0,0.0,1.0,,,,,,,,
0,0,0,0,0,2026-08-16,011,1,lg-eng,3.0,0,0,,,平/负（B级）,3.0,0.0,1.0,1.0,,,,,,,,
0,0,0,0,0,2026-08-16,012,1,lg-fin,5.0,1,0,,,客胜/平（B级）,2.0,3.0,2.0,1.0,,,,,,,,
0,0,0,0,0,2026-08-16,014,1,lg-swe,4.0,0,0,,,胜/平（B级）,0.0,4.0,2.0,2.0,,,,,,,,
1,0,0,0,0,2026-08-16,015,1,lg-swe,1.0,0,1,,,胜/平（B级）,0.0,1.0,2.0,0.0,,,,,,,,
0,0,0,0,0,2026-08-16,017,1,lg-champ,4.0,1,0,,,主胜/平（B级）,2.0,2.0,0.0,2.0,,,,,,,,
0,0,0,0,0,2026-08-16,018,1,lg-laliga,4.0,0,0,,,客胜/主胜（B级）,2.0,2.0,0.0,0.0,,,,,,,,
1,0,0,0,0,2026-08-16,019,1,lg-nor,5.0,0,0,,,负（B级）,3.0,2.0,1.0,1.0,,,,,,,,
1,0,0,0,0,2026-08-16,020,1,lg-nor,3.0,1,1,,,胜（B级）,3.0,0.0,1.0,1.0,,,,,,,,
0,0,0,0,0,2026-08-16,021,1,lg-nor,3.0,0,1,,,胜/平（B级）,1.0,2.0,2.0,0.0,,,,,,,,
0,0,0,0,0,2026-08-16,022,1,lg-laliga,3.0,1,1,,,主胜/客胜（B级）,3.0,0.0,1.0,1.0,,,,,,,,
0,0,0,0,0,2026-08-16,024,1,lg-nor,1.0,1,1,,,胜/平（B级·调整版）,1.0,0.0,1.0,1.0,,,,,,,,
0,0,0,0,0,2026-08-16,025,1,lg-bras,3.0,1,0,,,客胜/平（B级）,0.0,3.0,2.0,0.0,,,,,,,,
1,0,0,1,1,2026-08-17,001,1,lg-fin,5.0,1,0,,,主胜/平（B级）,3.0,2.0,1.0,0.0,,,,,,,,
0,0,0,1,0,2026-08-17,002,1,lg-swe,1.0,1,1,,,主胜/平（B级）,1.0,0.0,1.0,1.0,,,,,,,,
0,0,0,0,0,2026-08-17,003,1,lg-champ,2.0,1,0,,,主胜/平（B级）,1.0,1.0,0.0,2.0,,,,,,,,
0,0,0,0,0,2026-08-17,004,1,lg-laliga,2.0,1,0,,,主胜/平（B级）,1.0,1.0,0.0,1.0,,,,,,,,
0,0,0,0,0,2026-08-17,006,1,lg-bras,2.0,1,0,,,主胜/平（B级）,1.0,1.0,0.0,1.0,,,,,,,,
0,0,0,1,1,2026-08-17,005,1,lg-prime,7.0,1,1,,,平/客胜（B级）（冷门第1联动·本菲卡不可能输）,0.0,7.0,2.0,2.0,,,,,,,,
0,1,0,0,0,2026-08-18,001,1,lg-bras,2.0,1,1,,,平/主胜（B级）,1.0,1.0,0.0,0.0,,,,,,,,
0,0,0,0,0,2026-08-18,002,1,lg-ucl,0.0,1,1,,,平/胜（B级）,0.0,0.0,0.0,0.0,,,,,,,,
0,0,0,1,0,2026-08-18,003,1,lg-ucl,4.0,1,1,,,胜/平（B级）,2.0,2.0,0.0,0.0,,,,,,,,
0,0,0,0,0,2026-08-18,004,1,lg-ucl,2.0,1,0,,,平/胜（B级）,1.0,1.0,0.0,2.0,,,,,,,,
1,0,0,0,0,2026-08-19,001,1,lg-k1,3.0,0,0,,,平/负（B级）,2.0,1.0,1.0,2.0,8.0,,,,,,,
0,0,0,1,0,2026-08-19,002,1,lg-laliga,2.0,1,1,,2.5,主胜（A级）,2.0,0.0,1.0,0.0,,0.0,,,,,,
1,1,1,1,0,2026-08-19,003,1,lg-bras,1.0,0,0,,2.1,平/胜（B级）,0.0,1.0,2.0,2.0,,,,,,,,
0,0,0,0,0,2026-08-19,006,1,lg-ucl,3.0,1,1,,3.0,胜/平（B级）,3.0,0.0,1.0,1.0,,,,,,,,
0,0,0,1,0,2026-08-19,007,1,lg-ucl,4.0,1,1,,2.9,负/平（B级）,1.0,3.0,2.0,2.0,,,,,,,,
0,0,0,1,0,2026-08-19,008,1,lg-ucl,2.0,1,1,,3.1,胜/平（A级）,1.0,1.0,0.0,0.0,,,,,,,,
1,1,0,1,0,2026-08-20,001,1,lg-spl,3.0,1,1,,2.4000000000000004,负/平（B级）,0.0,3.0,2.0,2.0,,,,,,,,
1,1,0,0,0,2026-08-20,002,1,lg-laliga,2.0,1,1,,2.3,主胜/平（B级）,1.0,1.0,0.0,0.0,,,,,,,,
0,0,1,0,0,2026-08-20,003,1,lg-bras,1.0,1,1,,1.9000000000000001,主胜/平（B级）,1.0,0.0,1.0,0.0,,,,,,,,
0,0,1,1,0,2026-08-20,004,1,lg-uel,3.0,0,0,,2.2,胜/平（A级）,0.0,3.0,2.0,2.0,,,,,,,,
0,1,0,1,0,2026-08-20,005,1,lg-uel,1.0,1,0,,2.7,负/平（B级）,0.0,1.0,2.0,0.0,,,,,,,,
0,0,0,0,0,2026-08-20,006,1,lg-uel,1.0,0,0,,2.6,主胜/平（B级）,0.0,1.0,2.0,2.0,,,,,,,,
0,0,0,0,0,2026-08-20,007,1,lg-uel,7.0,1,1,,2.4000000000000004,胜/平（B级）,7.0,0.0,1.0,1.0,,,,,,,,
0,0,0,0,0,2026-08-20,008,1,lg-uel,3.0,1,1,,2.3,胜/平（B级）,3.0,0.0,1.0,1.0,,,,,,,,
0,1,0,0,0,2026-08-20,009,1,lg-uel,4.0,1,1,,3.0,胜/平（A级）,3.0,1.0,1.0,1.0,,,,,,,,
0,0,0,0,0,2026-08-21,001,0,lg-j1,6.0,1,1,,2.3,主胜/平（B级）,4.0,2.0,1.0,1.0,,,,,,,,
1,0,1,0,0,2026-08-21,002,0,lg-j1,2.0,1,1,,2.0,平/胜（C级）,2.0,0.0,1.0,0.0,,,,,,,,
1,0,0,1,1,2026-08-21,003,0,lg-spl,4.0,1,1,,2.6,负/平（B级）,0.0,4.0,2.0,2.0,,,,,,,,
0,0,1,0,0,2026-08-21,004,0,lg-fin,3.0,0,0,,2.1,平/胜（B级）,1.0,2.0,2.0,0.0,,,,,,,,
0,0,0,1,0,2026-08-21,005,0,lg-swe,3.0,0,0,,2.8,主胜/平（B级）,0.0,3.0,2.0,2.0,,,,,,,,
1,0,0,1,0,2026-08-21,006,0,lg-spl,1.0,0,0,,2.4,主胜/平（B级）,0.0,1.0,2.0,2.0,,,,,,,,
0,0,0,0,0,2026-08-21,009,0,lg-ligue1,4.0,1,1,,2.2,平/胜（B级）,4.0,0.0,1.0,0.0,,,,,,,,
0,0,0,1,0,2026-08-21,010,0,lg-eng,3.0,1,1,,2.8000000000000003,主胜（A级）,3.0,0.0,1.0,1.0,,,,,,,,
0,0,0,0,0,2026-08-21,011,0,lg-laliga,1.0,1,1,,2.2,平/胜（B级）,1.0,0.0,1.0,0.0,,,,,,,,
0,0,0,1,0,2026-08-22,001,0,lg-j1,5.0,1,1,,2.8,主胜/平（B级）,3.0,2.0,1.0,0.0,,,,,,,,
0,0,1,0,0,2026-08-22,003,0,lg-j1,1.0,1,1,,2.2,主胜/平（B级）,1.0,0.0,1.0,0.0,,,,,,,,
1,0,0,0,0,2026-08-22,005,0,lg-k1,1.0,1,1,,2.2,主胜/平（B级）,1.0,0.0,1.0,0.0,,,,,,,,
0,0,0,0,0,2026-08-22,006,0,lg-k1,7.0,1,1,,2.3,负/平（B级）,0.0,7.0,2.0,2.0,,,,,,,,
0,0,0,1,0,2026-08-22,007,0,lg-eng,2.0,0,0,,,负（A级）,2.0,0.0,1.0,1.0,,,,,,,,
0,0,0,0,0,2026-08-22,010,0,lg-eng,2.0,1,1,,2.5,主胜/平（B级）,2.0,0.0,1.0,1.0,,,,,,,,
1,0,0,0,0,2026-08-22,011,0,lg-eng,1.0,0,0,,2.6,主胜/平（B级）,0.0,1.0,2.0,0.0,,,1.0,,,,,
0,0,0,0,0,2026-08-22,012,0,lg-eng,3.0,0,0,,2.5,平/负（B级）,2.0,1.0,1.0,0.0,,,,,,,,
1,1,0,0,0,2026-08-22,016,0,lg-laliga,4.0,0,0,,2.5,主胜/平（B级）,1.0,3.0,2.0,2.0,,,,,,,,
0,0,0,1,0,2026-08-22,017,0,lg-ligue1,7.0,1,1,,2.3,主胜（A级）,5.0,2.0,1.0,1.0,,,,,,,,
0,0,0,0,0,2026-08-22,018,0,lg-eng,3.0,1,1,,2.5999999999999996,平/主胜（B级）,3.0,0.0,1.0,1.0,,,,,,,,
0,0,1,0,0,2026-08-22,019,0,lg-sa,2.0,1,0,,2.1,主胜/平（B级）,1.0,1.0,0.0,1.0,,,,,,,,
0,0,0,1,0,2026-08-22,020,0,lg-sa,5.0,1,1,,1.9,主胜（A级）,4.0,1.0,1.0,0.0,,,,,,,,
0,0,0,0,0,2026-08-22,021,0,lg-laliga,0.0,1,1,,2.4000000000000004,平/负（B级）,0.0,0.0,0.0,0.0,,,4.0,,,,,
0,0,0,1,0,2026-08-22,022,0,lg-bundes,3.0,1,1,,2.7,负/平（B级）,1.0,2.0,2.0,2.0,,,,,,,,
0,0,0,0,0,2026-08-22,023,0,lg-sa,2.0,1,1,,2.1,负/平（B级）,0.0,2.0,2.0,0.0,,,,,,,,
0,0,1,0,0,2026-08-22,024,0,lg-sa,1.0,1,1,,2.2,平/负（B级）,0.0,1.0,2.0,0.0,,,,,,,,
0,0,1,0,0,2026-08-22,025,0,lg-ligue1,0.0,1,1,,2.2,平/主胜（B级）,0.0,0.0,0.0,0.0,,,,,,,,
0,0,0,1,0,2026-08-22,026,0,lg-ligue1,2.0,1,1,,2.3,负（A级）,0.0,2.0,2.0,0.0,,,,,,,,
0,0,0,1,0,2026-08-22,027,0,lg-laliga,3.0,1,1,,,负（A级）,1.0,2.0,2.0,0.0,,,,,,,,
0,0,1,0,0,2026-08-23,021,0,lg-laliga,1.0,0,0,,2.25,平/负（B级）,1.0,0.0,1.0,0.0,,,,,,,,
1,0,0,0,0,2026-08-23,022,0,lg-sa,3.0,0,0,,2.45,平/主胜（B级）,1.0,2.0,2.0,0.0,,,,,,,,
1,0,1,1,0,2026-08-23,023,0,lg-sa,3.0,0,0,,1.95,平/负（B级）,2.0,1.0,1.0,1.0,,,,,,,,
0,0,0,1,0,2026-08-23,024,0,lg-laliga,5.0,1,1,,2.9,负（A级）,0.0,5.0,2.0,2.0,,,,,,,,
0,0,0,0,0,2026-08-23,001,0,lg-ered,4.0,1,1,,2.5,主胜（B级）,3.0,1.0,1.0,1.0,,,,,,,,
0,0,0,1,0,2026-08-23,002,0,lg-j1,4.0,1,1,,3.5,主胜（B级）,3.0,1.0,1.0,0.0,,,,,,,,
1,1,0,0,0,2026-08-23,003,0,lg-k1,3.0,0,0,,2.35,负（C级）,3.0,0.0,1.0,0.0,,,,,,,,
1,0,0,0,0,2026-08-23,005,0,lg-dfb,3.0,1,1,,2.6500000000000004,负（B级）,1.0,2.0,2.0,2.0,,,,,,,,
0,0,0,0,0,2026-08-23,009,0,lg-eng,3.0,1,0,,2.5,主胜/平（B级）,2.0,1.0,1.0,2.0,,,,,,,,
0,0,1,0,0,2026-08-23,010,0,lg-ligue1,2.0,1,1,,2.35,负（B级）,0.0,2.0,2.0,2.0,,,,,,,,
0,0,0,0,0,2026-08-23,011,0,lg-dfb,6.0,1,1,,2.85,负（B级）,2.0,4.0,2.0,0.0,,,,,,,,
0,0,0,0,0,2026-08-23,015,0,lg-laliga,4.0,1,1,,2.6,主胜/平（B级）,2.0,2.0,0.0,0.0,,,,,,,,
0,0,1,0,0,2026-08-23,016,0,lg-ligue1,1.0,1,1,,2.15,客胜/平（B级）,0.0,1.0,2.0,2.0,,,,,,,,
0,0,0,0,0,2026-08-23,017,0,lg-eng,4.0,0,0,,2.8,负（B级）,2.0,2.0,0.0,1.0,,,,,,,,
0,0,1,0,0,2026-08-23,019,0,lg-sa,2.0,0,0,,2.5999999999999996,主胜/平（B级）,0.0,2.0,2.0,0.0,,,,,,,,
0,0,0,1,0,2026-08-23,018,0,lg-sa,1.0,1,1,,2.7,负（A级）,0.0,1.0,2.0,2.0,,,,,,,,
0,0,1,1,0,2026-08-24,001,0,lg-sa,1.0,0,0,,2.4,主胜/平（B级）,0.0,1.0,2.0,0.0,,,,,,,,
1,0,0,1,0,2026-08-24,002,0,lg-spl,2.0,1,1,,2.75,客胜/平（B级）,0.0,2.0,2.0,2.0,,,,,,,,
0,0,1,0,0,2026-08-24,004,0,lg-laliga,0.0,1,1,,2.25,主胜/平（B级）,0.0,0.0,0.0,0.0,,,,,,,,
0,0,0,1,0,2026-08-24,005,0,lg-spl,5.0,1,1,,2.75,主胜（A级）,3.0,2.0,1.0,1.0,,,,,,,,
0,0,0,1,0,2026-08-24,006,0,lg-sa,4.0,1,1,,2.6500000000000004,主胜（A级）,4.0,0.0,1.0,1.0,,,,,,,,
0,0,0,1,0,2026-08-24,008,0,lg-eng,5.0,1,1,,2.65,客胜/平（B级）,2.0,3.0,2.0,2.0,,,,,,,,
0,0,1,0,0,2026-08-24,010,0,lg-laliga,2.0,1,1,,2.3499999999999996,平/主胜（B级）,1.0,1.0,0.0,0.0,,,,,,,,
0,0,0,1,0,2026-08-24,011,0,lg-bras,5.0,1,1,,2.3,客胜（B级）,2.0,3.0,2.0,2.0,,,,,,,,
1,1,1,1,0,2026-08-25,001,0,lg-k1,0.0,1,1,,,客胜/平（B级）,0.0,0.0,0.0,0.0,,6.0,,,,,,
0,1,1,0,0,2026-08-25,002,0,lg-k1,3.0,0,0,,,主胜/平（B级）,1.0,2.0,2.0,2.0,,,,,,,,
0,0,0,1,0,2026-08-25,003,0,lg-spl,5.0,1,1,,,客胜（A级）,2.0,3.0,2.0,1.0,,,,,,,,
0,0,1,0,0,2026-08-25,004,0,lg-champ,2.0,1,1,,,客胜/平（B级）,1.0,1.0,0.0,0.0,,,,,,,,
0,1,0,0,0,2026-08-25,005,0,lg-uel,5.0,0,0,,,客胜/平（B级）,4.0,1.0,1.0,0.0,,,,,,,,
0,1,0,0,0,2026-08-25,006,0,lg-ucl,3.0,1,1,,,胜（A级）,3.0,0.0,1.0,1.0,,,,,,,,
1,0,1,0,0,2026-08-25,007,0,lg-champ,2.0,1,1,,,客胜/平（B级）,0.0,2.0,2.0,0.0,,,,,,,,
0,1,0,0,0,2026-08-25,008,0,lg-champ,7.0,1,1,,,客胜/平（B级）,1.0,6.0,2.0,2.0,,,,,,,,
0,0,1,0,0,2026-08-25,009,0,lg-laliga,1.0,1,1,,,客胜/平（B级）,0.0,1.0,2.0,0.0,,,,,,,,
0,0,0,0,0,2026-08-26,001,0,lg-k1,3.0,1,1,,,主胜/平（B级）,2.0,1.0,1.0,0.0,,,,,,,,
0,0,1,0,0,2026-08-26,002,0,lg-k1,3.0,0,0,,,平/客胜（B级）,2.0,1.0,1.0,0.0,,,,,,,,
0,0,1,0,0,2026-08-26,003,0,lg-champ,6.0,1,1,,,主胜/平（B级）,5.0,1.0,1.0,1.0,,,,,,,,
0,0,0,1,0,2026-08-26,004,0,lg-champ,5.0,1,1,,,主胜/平（B级）,3.0,2.0,1.0,0.0,,,,,,,,
0,0,1,0,0,2026-08-26,005,0,lg-ucl,4.0,1,1,,,主胜/平（B级）,4.0,0.0,1.0,1.0,,,,,,,,
0,0,1,0,0,2026-08-26,006,0,lg-ucl,2.0,1,1,,,客胜/平（B级）,1.0,1.0,0.0,0.0,,,,,,,,
0,0,0,0,0,2026-08-26,007,0,lg-ucl,4.0,0,0,,,客胜/平（B级）,3.0,1.0,1.0,0.0,,,,,,,,
0,0,0,0,0,2026-08-26,008,0,lg-ucl,3.0,1,1,,,平/客胜（B级）,1.0,2.0,2.0,2.0,,,,,,,,
0,0,0,0,0,2026-08-26,009,0,lg-champ,4.0,1,1,,,客胜/平（B级）,0.0,4.0,2.0,2.0,,,,,,,,
0,0,0,0,0,2026-08-26,010,0,lg-laliga,5.0,1,1,,,主胜（A级·置信A°）,4.0,1.0,1.0,0.0,,,,,,,,
0,0,0,1,0,2026-08-27,001,0,lg-uel,6.0,0,0,,,负/平（B级）,5.0,1.0,1.0,0.0,,,,,,,,
0,0,0,0,0,2026-08-27,002,0,lg-uel,6.0,0,0,,,负/平（B级）,4.0,2.0,1.0,1.0,,,,,,,,
0,1,1,1,0,2026-08-27,003,0,lg-uel,3.0,1,1,,,主胜（B级）,3.0,0.0,1.0,0.0,,,,,,,,
0,0,0,1,0,2026-08-27,004,0,lg-uel,4.0,1,1,,,负（A级）,1.0,3.0,2.0,2.0,,,,,,,,
0,1,0,1,0,2026-08-27,005,0,lg-uel,4.0,1,0,,,主胜/平（B级）,4.0,0.0,1.0,1.0,,,,,,,,
0,0,1,0,0,2026-08-27,006,0,lg-uel,3.0,1,0,,,主胜（B级）,3.0,0.0,1.0,1.0,,,,,,,,
0,0,0,1,0,2026-08-27,007,0,lg-laliga,3.0,0,0,,,主胜/平（B级）,1.0,2.0,2.0,1.0,,,,,,,,
0,0,1,1,0,2026-08-27,008,0,lg-laliga,2.0,1,1,,,主胜（A级）,2.0,0.0,1.0,1.0,,,2.0,,,,,
0,0,1,0,0,2026-08-27,009,0,lg-bras,0.0,1,1,,,主胜/平（B级）,0.0,0.0,0.0,0.0,,,,,,,,
0,0,1,1,0,2026-08-28,003,0,lg-laliga,5.0,1,1,,,主胜/平（B级）,3.0,2.0,1.0,1.0,,,,,,,,
0,1,0,1,0,2026-08-28,004,0,lg-spl,6.0,1,1,,,负（A级）,1.0,5.0,2.0,2.0,,,,,,,,
0,0,0,1,0,2026-08-28,008,0,lg-bundes,6.0,1,1,,,主胜（A级）,5.0,1.0,1.0,1.0,70.0,,,,,,,
0,1,1,1,0,2026-08-28,009,0,lg-sa,2.0,1,1,,,主胜（B级）,2.0,0.0,1.0,0.0,,,,,,,,
0,1,0,0,0,2026-08-28,010,0,lg-ligue1,4.0,1,0,,,负/平（B级）,2.0,2.0,0.0,1.0,,,,,,,,
0,0,0,1,0,2026-08-28,011,0,lg-eng,5.0,1,1,,,负（A级）,1.0,4.0,2.0,2.0,,,,,,,,
0,0,0,0,0,2026-08-28,014,0,lg-laliga,1.0,1,1,,,平/主胜（B级）,1.0,0.0,1.0,1.0,,,,,,,,
0,1,0,1,0,2026-08-29,001,0,lg-j1,2.0,0,1,,,负（A级）,1.0,1.0,0.0,0.0,,,,,,,,
0,1,1,1,0,2026-08-29,002,0,lg-j1,1.0,1,1,,,客胜（B级）,0.0,1.0,2.0,0.0,,,,,,,,
0,1,1,1,0,2026-08-29,004,0,lg-k1,4.0,1,1,,,主胜/平（B级）,3.0,1.0,1.0,0.0,,,,,,,,
1,0,1,0,0,2026-08-29,006,0,lg-eng,4.0,1,0,,,主胜/平（B级）,2.0,2.0,0.0,2.0,,,,,,,,
0,0,0,0,0,2026-08-29,009,0,lg-bundes,5.0,0,0,,,客胜/平（B级）,3.0,2.0,1.0,1.0,,,,,,,,
0,0,0,0,0,2026-08-29,010,0,lg-bundes,3.0,1,1,,,主胜/平（B级）,3.0,0.0,1.0,1.0,,,,,,,,
1,0,0,0,0,2026-08-29,011,0,lg-bundes,6.0,1,0,,,主胜/平（B级）,3.0,3.0,0.0,2.0,,,,,,,,
1,0,0,0,0,2026-08-29,012,0,lg-bundes,5.0,1,0,,,主胜/平（B级）,3.0,2.0,1.0,2.0,,,,,,,,
0,0,0,0,0,2026-08-29,013,0,lg-bundes,0.0,0,0,,,主胜（B级）,0.0,0.0,0.0,0.0,,,,,,,,
0,0,1,0,0,2026-08-29,014,0,lg-eng,1.0,0,0,,,主胜/平（B级）,0.0,1.0,2.0,0.0,,,,,,,,
1,0,0,0,0,2026-08-29,015,0,lg-eng,2.0,1,0,,,主胜/平（B级）,1.0,1.0,0.0,1.0,,,,,,,,
0,0,0,0,0,2026-08-29,016,0,lg-laliga,7.0,0,1,,,客胜（B级）,5.0,2.0,1.0,0.0,,,,,,,,
0,0,0,1,0,2026-08-29,017,0,lg-ligue1,3.0,0,0,,,客胜（A级）,2.0,1.0,1.0,2.0,,4.0,,,,,,
1,0,0,0,0,2026-08-29,019,0,lg-eng,2.0,1,1,,,客胜/平（B级）,0.0,2.0,2.0,0.0,,,,,,,,
0,0,0,0,0,2026-08-29,020,0,lg-bundes,2.0,1,1,,,主胜（B级）,2.0,0.0,1.0,1.0,,,,,,,,
0,0,1,0,0,2026-08-29,021,0,lg-sa,5.0,0,0,,,主胜/平（B级）,2.0,3.0,2.0,2.0,,,,,,,,
0,0,0,0,0,2026-08-29,022,0,lg-sa,3.0,0,0,,,主胜（A级）,0.0,3.0,2.0,2.0,,,,,,,,
1,0,1,0,0,2026-08-29,023,0,lg-sa,3.0,0,0,,,客胜（A级）,2.0,1.0,1.0,0.0,,,,,,,,
0,0,0,0,0,2026-08-29,025,0,lg-laliga,3.0,1,1,,,主胜/平（B级）,2.0,1.0,1.0,0.0,,,,,,,,
0,0,0,0,0,2026-08-29,027,0,lg-sa,2.0,1,1,,,主胜（A级）,2.0,0.0,1.0,0.0,,,,,,,,
1,1,0,0,0,2026-08-29,028,0,lg-laliga,4.0,0,0,,,主胜/平（B级）,1.0,3.0,2.0,2.0,,,,,,,,
0,0,1,0,0,2026-08-30,002,0,lg-k1,4.0,0,0,,,平/负（B级）,3.0,1.0,1.0,1.0,,,,,,,,
1,0,1,0,0,2026-08-30,003,0,lg-k1,2.0,1,1,,,平/主胜（B级）,1.0,1.0,0.0,0.0,,,,,,,,
0,0,1,1,0,2026-08-30,005,0,lg-swe,5.0,0,0,,,客胜/平（B级）,3.0,2.0,1.0,2.0,,,,,,,,
0,0,0,1,0,2026-08-30,007,0,lg-nor,6.0,1,0,,,主胜/平（B级）,4.0,2.0,1.0,2.0,,,,,,,,
1,0,1,1,0,2026-08-30,008,0,lg-eng,1.0,0,0,,,客胜/平（B级）,1.0,0.0,1.0,0.0,,,,,,,,
0,0,0,0,0,2026-08-30,009,0,lg-eng,2.0,1,0,,,客胜/平（B级）,1.0,1.0,0.0,2.0,,,,,,,,
0,0,0,1,0,2026-08-30,010,0,lg-ligue1,3.0,1,1,,,主胜/平（B级）,3.0,0.0,1.0,1.0,,,,,,,,
1,0,0,0,0,2026-08-30,011,0,lg-bundes,5.0,1,1,,,主胜/平（B级）,4.0,1.0,1.0,1.0,,,,,,,,
1,0,0,1,0,2026-08-30,013,0,lg-laliga,4.0,1,1,,,主胜（A级）,4.0,0.0,1.0,1.0,,,,,,,,
1,0,0,0,0,2026-08-30,014,0,lg-eng,7.0,1,1,,,主胜/平（B级）,5.0,2.0,1.0,0.0,,,,,,,,
0,0,0,1,0,2026-08-30,015,0,lg-bundes,3.0,1,1,,,主胜/平（B级）,3.0,0.0,1.0,1.0,,,,,,,,
0,0,1,0,0,2026-08-30,016,0,lg-sa,3.0,0,0,,,主胜/平（B级）,1.0,2.0,2.0,2.0,,,,,,,,
0,0,1,0,0,2026-08-30,017,0,lg-laliga,4.0,1,1,0.0,,主胜/平（B级）,3.0,1.0,1.0,1.0,,,,,,,,
1,0,0,1,0,2026-08-30,019,0,lg-sa,1.0,1,1,0.0,,主胜（A级）,1.0,0.0,1.0,1.0,,,,,,,,
1,0,1,1,0,2026-08-30,020,0,lg-sa,1.0,1,1,0.0,,客胜（A级）,0.0,1.0,2.0,2.0,,,,,,,,
1,0,1,0,0,2026-08-30,021,0,lg-ligue1,2.0,1,1,1.0,,主胜/平（B级）,2.0,0.0,1.0,1.0,,,,,,,,
1,0,1,0,0,2026-08-30,022,0,lg-bras,3.0,1,1,1.0,,主胜/平（B级）,3.0,0.0,1.0,1.0,,,,,,,,
0,0,1,1,0,2026-08-30,023,0,lg-laliga,2.0,0,0,1.0,,主胜/平（B级）,0.0,2.0,2.0,2.0,,,,,,,,
0,0,1,1,0,2026-08-31,001,0,lg-fin,1.0,0,0,,,平/客胜（B级）,1.0,0.0,1.0,0.0,,,,,,,,
0,1,1,1,0,2026-08-31,002,0,lg-fin,2.0,1,1,,,主胜/平（B级）,1.0,1.0,0.0,0.0,,,,,,,,
0,1,1,1,0,2026-08-31,003,0,lg-sa,4.0,1,1,,,客胜/平（B级）,0.0,4.0,2.0,2.0,,,,,,,,
1,1,0,1,0,2026-08-31,004,0,lg-swe,4.0,1,1,,,主胜/平（B级）,4.0,0.0,1.0,1.0,,,,,,,,
0,1,1,1,0,2026-08-31,005,0,lg-swe,1.0,0,0,,,主胜/平（B级）,0.0,1.0,2.0,2.0,,,6.0,,,,,
0,0,1,0,0,2026-08-31,006,0,lg-laliga,1.0,1,1,,,平/主胜（B级）,1.0,0.0,1.0,1.0,,1.0,,,,,,
1,0,0,1,0,2026-08-31,007,0,lg-sa,1.0,1,1,,,主胜/平（B级）,1.0,0.0,1.0,0.0,,,,,,,,
0,0,0,1,0,2026-08-31,009,0,lg-eng,1.0,1,1,,,客胜（A级）,0.0,1.0,2.0,0.0,,,,,,,,
0,1,1,0,0,2026-08-31,010,0,lg-prime,3.0,1,1,,,主胜/平（B级）,2.0,1.0,1.0,1.0,,,,,,,,
1,1,1,1,0,2026-08-31,012,0,lg-laliga,7.0,1,1,,,主胜（A级）,5.0,2.0,1.0,1.0,0.0,7.0,3.0,,,,,
0,1,1,1,0,2026-09-01,001,0,lg-spl,3.0,1,1,1.0,,主胜/平（B级）,3.0,0.0,1.0,1.0,,,,,,,,
0,0,1,0,0,2026-09-01,002,0,lg-champ,2.0,1,1,0.0,,主胜/平（B级）,2.0,0.0,1.0,1.0,,,,,,,,
0,1,0,1,0,2026-09-01,003,0,lg-champ,6.0,1,1,0.0,,主胜/平（B级）,4.0,2.0,1.0,1.0,,1.0,,,,,,
0,0,1,1,0,2026-09-01,004,0,lg-champ,2.0,1,0,1.0,,平/客胜（B级）,0.0,2.0,2.0,2.0,,,,,,,,
0,0,1,1,0,2026-09-01,005,0,lg-champ,0.0,1,1,0.0,,主胜/平（B级）,0.0,0.0,0.0,0.0,,,,,,,,
0,0,1,0,0,2026-09-01,006,0,lg-champ,4.0,0,0,,,主胜/平（B级）,1.0,3.0,2.0,2.0,,,,,,,,
0,0,1,0,0,2026-09-01,007,0,lg-champ,5.0,1,1,0.0,,主胜/平（B级）,3.0,2.0,1.0,0.0,,,,,,,,
1,1,0,1,0,2026-09-01,008,0,lg-champ,2.0,0,0,0.0,,客胜（A级）,1.0,1.0,0.0,2.0,,,,,,,,
0,1,1,0,0,2026-09-01,009,0,lg-champ,1.0,0,0,,,客胜/平（B级）,1.0,0.0,1.0,1.0,,,,,,,,
1,0,1,0,0,2026-09-01,010,0,lg-sa,1.0,0,0,,,主胜/平（B级）,0.0,1.0,2.0,2.0,,,,,,,,
0,0,1,0,0,2026-09-02,001,0,lg-j1,2.0,1,1,,,客胜/平（B级）,0.0,2.0,2.0,2.0,,,,,,,,
0,0,1,1,0,2026-09-02,002,0,lg-j1,2.0,0,0,,,平/客胜（B级）,2.0,0.0,1.0,1.0,,,,,,,,
0,0,1,1,0,2026-09-02,003,0,lg-j1,6.0,0,0,,,客胜（A级）,4.0,2.0,1.0,1.0,,2.0,,,,,,
0,0,1,1,0,2026-09-02,004,0,lg-j1,3.0,1,1,,,主胜/平（B级）,2.0,1.0,1.0,0.0,,12.0,,,,,,
1,1,1,1,0,2026-09-02,005,0,lg-sa,2.0,1,1,,,主胜/平（B级）,1.0,1.0,0.0,0.0,,,5.0,,,,,
0,1,1,0,0,2026-09-02,006,0,lg-sa,3.0,1,1,,,主胜/平（B级）,2.0,1.0,1.0,0.0,,,,,,,,
0,1,1,0,0,2026-09-02,007,0,lg-champ,3.0,0,0,,,主胜/平（B级）,0.0,3.0,2.0,2.0,,,,,,,,
0,1,1,1,0,2026-09-02,008,0,lg-champ,2.0,1,1,,,平/客胜（B级）,1.0,1.0,0.0,0.0,,1.0,,,,,,
0,0,1,0,0,2026-09-02,009,0,lg-champ,3.0,1,1,,,主胜/平（B级）,2.0,1.0,1.0,1.0,,2.0,3.0,,,,,
0,0,1,1,0,2026-09-02,010,0,lg-dfb,5.0,1,1,,,客胜（B级）,1.0,4.0,2.0,2.0,,,,,,,,
0,0,1,0,0,2026-09-02,011,0,lg-champ,2.0,1,0,,,客胜/平（B级）,1.0,1.0,0.0,2.0,,1.0,,,,,,
0,0,1,0,0,2026-09-02,012,0,lg-bras,2.0,1,1,,,主胜/平（B级）,2.0,0.0,1.0,1.0,,,,,,,,
0,0,1,1,0,2026-09-02,013,0,lg-bras,0.0,1,1,,,主胜/平（B级）,0.0,0.0,0.0,0.0,,,,,,,,
0,0,1,1,0,2026-09-03,001,0,lg-spl,4.0,1,1,,3.6,客胜/平（B级）,2.0,2.0,0.0,0.0,0.0,1.0,,,,,,
0,0,1,1,0,2026-09-03,002,0,lg-spl,3.0,1,1,,2.05,主胜/平（B级）,3.0,0.0,1.0,1.0,0.0,,,,,,,
0,1,1,1,0,2026-09-03,003,0,lg-swe,2.0,1,1,,3.9,客胜/平（B级）,0.0,2.0,2.0,0.0,73.0,0.0,,,,,,
0,0,1,1,0,2026-09-03,004,0,lg-spl,2.0,1,1,,3.7,客胜/平（B级）,0.0,2.0,2.0,0.0,0.0,,,,,,,
0,0,1,1,0,2026-09-03,005,0,lg-ligue1,1.0,1,1,,2.95,客胜（B级）,0.0,1.0,2.0,0.0,0.0,4.0,,,,,,
0,0,1,1,0,2026-09-03,006,0,lg-laliga,0.0,1,1,,1.91,主胜/平（B级）,0.0,0.0,0.0,0.0,6.0,25.0,,,,,,
0,0,1,1,0,2026-09-03,007,0,lg-bras,4.0,1,1,,1.6,主胜/平（B级）,3.0,1.0,1.0,1.0,40.0,0.0,,,,,,
0,0,1,1,0,2026-09-04,002,0,lg-ligue1,4.0,1,1,0.0,2.6,主胜/平（B级）,3.0,1.0,1.0,1.0,0.0,2.0,,,,,,
0,0,1,1,0,2026-09-04,003,0,lg-nor,3.0,1,1,1.0,,客胜（B级）,1.0,2.0,2.0,2.0,2.0,0.0,,,,,,
0,0,1,1,0,2026-09-04,004,0,lg-spl,2.0,1,1,0.0,3.9,客胜（B级）,0.0,2.0,2.0,0.0,0.0,5.0,,,,,,
1,0,1,0,0,2026-09-04,006,0,lg-ered,4.0,1,1,0.0,2.5,主胜/平（B级）,2.0,2.0,0.0,0.0,1.0,7.0,,1.75,1.75,1.0,2.0,
1,0,1,0,0,2026-09-04,008,0,lg-bundes,5.0,0,1,0.0,2.8,客胜/平（B级）,4.0,1.0,1.0,1.0,1.0,1.0,,,,,,
1,0,1,0,0,2026-09-04,009,0,lg-sa,5.0,1,1,0.0,2.3,客胜/平（B级）,1.0,4.0,2.0,2.0,5.0,1.0,,,,,,
0,0,1,0,0,2026-09-04,010,0,lg-eng,2.0,1,1,0.0,,客胜/平（B级）,0.0,2.0,2.0,2.0,0.0,1.0,,2.0,2.0,1.0,2.0,
1,0,1,0,0,2026-09-04,011,0,lg-laliga,1.0,0,0,0.0,,客胜/平（B级）,1.0,0.0,1.0,0.0,3.0,1.0,,,,,,
1,0,1,0,0,2026-09-04,012,0,lg-ligue1,3.0,0,0,1.0,,主胜/平（B级）,1.0,2.0,2.0,1.0,3.0,,,1.0,2.0,1.5,0.5,
0,0,1,1,0,2026-09-04,013,0,lg-prime,3.0,1,1,1.0,,主胜（A级）,2.0,1.0,1.0,0.0,3.0,0.0,,,,,,
0,0,1,0,0,2026-09-05,001,0,lg-j1,2.0,1,1,1.0,2.6,客胜/平（B级）,1.0,1.0,0.0,0.0,3.0,,,2.0,2.0,2.25,1.25,
1,0,1,0,0,2026-09-05,002,0,lg-j2,3.0,0,0,1.0,2.4,主胜（B级）,1.0,2.0,2.0,2.0,0.0,5.0,,2.0,1.2,1.2,1.8,
1,1,1,0,0,2026-09-05,003,0,lg-k1,0.0,0,0,0.0,2.5,客胜（B级）,0.0,0.0,0.0,0.0,37.0,0.0,,1.25,0.75,1.5,0.75,
1,0,1,0,0,2026-09-05,004,0,lg-eng,4.0,1,0,0.0,2.0,客胜/平（B级）,2.0,2.0,0.0,2.0,1.0,3.0,,2.0,1.0,0.5,1.0,
0,0,1,0,0,2026-09-05,005,0,lg-champ,2.0,1,0,1.0,2.4,客胜/平（B级）,1.0,1.0,0.0,2.0,0.0,1.0,,0.75,1.25,0.5,1.5,
1,1,1,0,0,2026-09-05,006,0,lg-sa,3.0,0,0,0.0,1.6,主胜/平（B级）,1.0,2.0,2.0,0.0,0.0,6.0,,0.0,3.5,0.67,1.67,
0,0,1,0,0,2026-09-05,007,0,lg-bundes,7.0,0,0,0.0,3.0,主胜/平（B级）,3.0,4.0,2.0,1.0,0.0,0.0,,0.0,3.0,3.0,1.0,
1,0,1,0,0,2026-09-05,008,0,lg-bundes,4.0,0,0,1.0,2.8,客胜/平（B级）,3.0,1.0,1.0,1.0,0.0,2.0,,1.0,4.0,3.0,0.0,
1,0,1,1,0,2026-09-05,009,0,lg-bundes,1.0,1,1,0.0,3.5,客胜/平（B级）,0.0,1.0,2.0,2.0,0.0,3.0,,,,,,
1,0,1,0,0,2026-09-05,010,0,lg-bundes,5.0,1,0,0.0,2.9,客胜/平（B级）,2.0,3.0,2.0,1.0,0.0,,,,,,,
1,0,1,0,0,2026-09-05,011,0,lg-bundes,4.0,1,1,0.0,2.7,主胜/平（B级）,4.0,0.0,1.0,1.0,0.0,8.0,,,,,,
0,0,1,0,0,2026-09-05,012,0,lg-eng,0.0,0,1,0.0,2.8,主胜（B级）,0.0,0.0,0.0,0.0,0.0,7.0,,2.0,3.0,0.0,2.5,
0,0,1,1,0,2026-09-05,013,0,lg-eng,1.0,1,1,0.0,3.3,主胜（B级）,1.0,0.0,1.0,1.0,0.0,,,3.0,1.0,0.0,2.0,
0,0,1,0,0,2026-09-05,014,0,lg-eng,2.0,1,1,1.0,2.9,主胜/平（B级）,1.0,1.0,0.0,0.0,0.0,0.0,,2.0,0.5,1.0,1.0,
1,0,1,0,0,2026-09-05,015,0,lg-eng,5.0,0,0,0.0,2.6,主胜/平（B级）,2.0,3.0,2.0,1.0,0.0,0.0,,1.0,2.0,0.5,3.0,
1,0,1,0,0,2026-09-05,016,0,lg-laliga,3.0,0,0,0.0,2.6,客胜（B级）,3.0,0.0,1.0,0.0,0.0,,,1.3,1.7,2.3,1.0,
0,1,1,0,0,2026-09-05,017,0,lg-ligue1,1.0,0,0,0.0,2.8,主胜/平（B级）,0.0,1.0,2.0,0.0,,6.0,,3.5,2.0,0.5,1.0,
0,0,1,0,0,2026-09-05,018,0,lg-sa,5.0,1,1,0.0,2.8,主胜/平（B级）,3.0,2.0,1.0,0.0,0.0,8.0,,2.5,0.5,1.5,1.0,
0,0,1,0,0,2026-09-05,019,0,lg-nor,3.0,0,0,1.0,3.2,主胜/平（B级）,1.0,2.0,2.0,2.0,0.0,7.0,,1.75,0.75,1.0,1.5,
1,0,1,0,0,2026-09-05,020,0,lg-eng,0.0,1,1,0.0,2.0,主胜/平（B级）,0.0,0.0,0.0,0.0,0.0,0.0,,1.5,0.0,0.0,2.5,
0,0,1,1,0,2026-09-05,021,0,lg-bundes,0.0,0,0,,3.6,客胜（B级）,0.0,0.0,0.0,0.0,0.0,0.0,,0.0,3.0,3.5,1.0,
0,0,1,0,0,2026-09-05,022,0,lg-laliga,5.0,1,1,0.0,2.4,主胜/平（B级）,3.0,2.0,1.0,0.0,0.0,,,1.33,2.67,1.67,1.67,
0,0,1,1,0,2026-09-05,023,0,lg-prime,3.0,1,1,1.0,3.1,客胜（B级）,0.0,3.0,2.0,2.0,0.0,1.0,,,,,,
1,0,1,0,0,2026-09-05,028,0,lg-laliga,5.0,0,0,,2.7,主胜/平（B级）,2.0,3.0,2.0,0.0,0.0,1.0,,1.33,1.67,1.67,1.0,
1,0,1,0,0,2026-09-05,029,0,lg-bras,5.0,1,1,0.0,2.1,客胜/平（B级）,2.0,3.0,2.0,0.0,0.0,0.0,,1.0,1.2,1.6,1.0,
0,0,1,1,0,2026-09-05,024,0,lg-spl,3.0,0,0,1.0,3.5,客胜（B级）,2.0,1.0,1.0,1.0,0.0,,,1.25,0.75,3.0,0.75,
0,0,1,0,0,2026-09-05,025,0,lg-ered,4.0,0,0,1.0,4.8,主胜/平（B级）,1.0,3.0,2.0,2.0,0.0,0.0,,3.25,2.25,3.75,1.25,
0,0,1,0,0,2026-09-05,026,0,lg-sa,3.0,0,0,1.0,2.8,客胜/平（B级）,2.0,1.0,1.0,0.0,0.0,,,4.0,0.0,1.5,0.5,
1,0,1,0,0,2026-09-05,027,0,lg-ligue1,3.0,1,1,1.0,2.3,客胜（B级）,1.0,2.0,2.0,2.0,0.0,,,0.5,1.0,2.0,2.0,
0,1,1,1,0,2026-09-06,001,0,lg-j1,1.0,0,0,1.0,,主胜/平（B级）,0.0,1.0,2.0,2.0,88.0,6.0,2.0,2.25,1.75,2.0,2.75,0.5365853658536586
1,0,0,1,0,2026-09-06,002,0,lg-j1,4.0,1,1,1.0,2.75,客胜/平（B级）,1.0,3.0,2.0,2.0,98.0,1.0,,1.5,1.75,3.0,0.67,
1,1,1,0,0,2026-09-06,003,0,lg-k1,3.0,0,0,1.0,2.2,主胜/平（B级）,0.0,3.0,2.0,2.0,0.0,0.0,,,,,,0.47058823529411764
0,0,1,1,0,2026-09-06,004,0,lg-k1,4.0,1,0,0.0,1.75,主胜/平（B级）,2.0,2.0,0.0,1.0,0.0,0.0,4.0,0.5,1.0,1.25,2.5,0.5344827586206896
1,0,0,1,0,2026-09-06,005,0,lg-j1,2.0,0,0,1.0,2.5,客胜（B级·单选）,2.0,0.0,1.0,0.0,96.0,0.0,2.0,2.0,0.75,1.5,1.75,
1,0,0,1,0,2026-09-06,006,0,lg-champ,4.0,1,1,0.0,2.7,客胜/平（B级）,2.0,2.0,0.0,0.0,31.0,2.0,4.0,1.5,1.5,2.3,1.3,0.35714285714285715
1,0,0,1,0,2026-09-06,007,0,lg-ered,5.0,1,1,0.0,3.8,客胜/平（B级）,2.0,3.0,2.0,1.0,0.0,1.0,4.0,1.75,2.0,3.4,0.6,0.3974358974358974
1,0,1,0,0,2026-09-06,008,0,lg-eng,4.0,1,1,0.0,2.7,主胜/平（B级）,2.0,2.0,0.0,0.0,32.0,2.0,7.0,2.0,1.3,1.5,2.0,0.32894736842105265
1,0,0,0,0,2026-09-06,009,0,lg-sa,5.0,1,1,0.0,2.0,主胜/平（B级）,3.0,2.0,1.0,1.0,0.0,8.0,3.0,1.25,1.25,0.33,2.0,0.5909090909090909
0,0,1,0,0,2026-09-06,010,0,lg-sa,2.0,1,0,0.0,1.6,主胜/平（B级）,1.0,1.0,0.0,2.0,0.0,1.0,7.0,0.0,1.8,1.0,2.7,0.625
0,0,0,0,0,2026-09-06,011,0,lg-ligue1,8.0,0,0,0.0,2.2,主胜/平（B级）,2.0,6.0,2.0,2.0,0.0,5.0,7.0,0.5,0.5,0.5,2.5,0.5625
0,0,1,0,0,2026-09-06,012,0,lg-bundes,5.0,0,0,0.0,1.6,主胜/平（B级）,0.0,5.0,2.0,2.0,0.0,5.0,8.0,0.0,2.0,0.0,0.0,0.5
