record_id,created_at,creator,source_file,sha256,comment
2026-08-02-001,2026-08-02T09:00:00Z,Matt/DialogCopy,1.txt,DATA_MISSING_ORIGINAL_FILE,来源为窗口内对话复制
2026-08-02-002,2026-08-02T09:00:00Z,Matt/DialogCopy,1.txt,DATA_MISSING_ORIGINAL_FILE,来源为窗口内对话复制
2026-08-02-003,2026-08-02T09:00:00Z,Matt/DialogCopy,1.txt,DATA_MISSING_ORIGINAL_FILE,来源为窗口内对话复制
2026-08-02-004,2026-08-02T09:00:00Z,Matt/DialogCopy,1.txt,DATA_MISSING_ORIGINAL_FILE,来源为窗口内对话复制
2026-08-02-005,2026-08-02T09:00:00Z,Matt/DialogCopy,1.txt,DATA_MISSING_ORIGINAL_FILE,来源为窗口内对话复制
2026-08-02-006,2026-08-02T09:00:00Z,Matt/DialogCopy,1.txt,DATA_MISSING_ORIGINAL_FILE,来源为窗口内对话复制
2026-08-02-007,2026-08-02T09:00:00Z,Matt/DialogCopy,1.txt,DATA_MISSING_ORIGINAL_FILE,来源为窗口内对话复制
2026-08-02-008,2026-08-02T09:00:00Z,Matt/DialogCopy,1.txt,DATA_MISSING_ORIGINAL_FILE,来源为窗口内对话复制
2026-08-02-009,2026-08-02T09:00:00Z,Matt/DialogCopy,1.txt,DATA_MISSING_ORIGINAL_FILE,来源为窗口内对话复制
2026-08-02-010,2026-08-02T09:00:00Z,Matt/DialogCopy,1.txt,DATA_MISSING_ORIGINAL_FILE,来源为窗口内对话复制
2026-08-02-011,2026-08-02T09:00:00Z,Matt/DialogCopy,1.txt,DATA_MISSING_ORIGINAL_FILE,来源为窗口内对话复制
